2025-12-06T14:11:22+0000 [22279] INFO --- DNF5 запущен с аргументами: "dnf check-update" ---
2025-12-06T14:11:22+0000 [22279] DEBUG Loading plugin file="/usr/lib64/dnf5/plugins/builddep_cmd_plugin.so"
2025-12-06T14:11:22+0000 [22279] INFO Loaded dnf5 plugin "builddep" ("/usr/lib64/dnf5/plugins/builddep_cmd_plugin.so") version "1.0.0"
2025-12-06T14:11:22+0000 [22279] DEBUG Loading plugin file="/usr/lib64/dnf5/plugins/changelog_cmd_plugin.so"
2025-12-06T14:11:22+0000 [22279] INFO Loaded dnf5 plugin "changelog" ("/usr/lib64/dnf5/plugins/changelog_cmd_plugin.so") version "1.0.0"
2025-12-06T14:11:22+0000 [22279] DEBUG Loading plugin file="/usr/lib64/dnf5/plugins/config-manager_cmd_plugin.so"
2025-12-06T14:11:22+0000 [22279] INFO Loaded dnf5 plugin "config-manager" ("/usr/lib64/dnf5/plugins/config-manager_cmd_plugin.so") version "0.1.0"
2025-12-06T14:11:22+0000 [22279] DEBUG Loading plugin file="/usr/lib64/dnf5/plugins/copr_cmd_plugin.so"
2025-12-06T14:11:22+0000 [22279] INFO Loaded dnf5 plugin "copr" ("/usr/lib64/dnf5/plugins/copr_cmd_plugin.so") version "0.1.0"
2025-12-06T14:11:22+0000 [22279] DEBUG Loading plugin file="/usr/lib64/dnf5/plugins/needs_restarting_cmd_plugin.so"
2025-12-06T14:11:22+0000 [22279] INFO Loaded dnf5 plugin "needs_restarting" ("/usr/lib64/dnf5/plugins/needs_restarting_cmd_plugin.so") version "1.0.0"
2025-12-06T14:11:22+0000 [22279] DEBUG Loading plugin file="/usr/lib64/dnf5/plugins/repoclosure_cmd_plugin.so"
2025-12-06T14:11:22+0000 [22279] INFO Loaded dnf5 plugin "repoclosure" ("/usr/lib64/dnf5/plugins/repoclosure_cmd_plugin.so") version "1.0.0"
2025-12-06T14:11:22+0000 [22279] DEBUG Loading plugin file="/usr/lib64/dnf5/plugins/repomanage_cmd_plugin.so"
2025-12-06T14:11:22+0000 [22279] INFO Loaded dnf5 plugin "repomanage" ("/usr/lib64/dnf5/plugins/repomanage_cmd_plugin.so") version "1.0.0"
2025-12-06T14:11:22+0000 [22279] DEBUG Loading plugin file="/usr/lib64/dnf5/plugins/reposync_cmd_plugin.so"
2025-12-06T14:11:22+0000 [22279] INFO Loaded dnf5 plugin "reposync" ("/usr/lib64/dnf5/plugins/reposync_cmd_plugin.so") version "1.0.0"
2025-12-06T14:11:22+0000 [22279] DEBUG Loading plugin library file="/usr/lib64/libdnf5/plugins/notify_packagekit.so"
2025-12-06T14:11:22+0000 [22279] INFO Loaded libdnf plugin "notify_packagekit" ("/usr/lib64/libdnf5/plugins/notify_packagekit.so"), version="1.3.1"
2025-12-06T14:11:22+0000 [22279] DEBUG Trying to load more plugins using the "notify_packagekit" plugin.
2025-12-06T14:11:22+0000 [22279] DEBUG End of loading plugins using the "notify_packagekit" plugin.
2025-12-06T14:11:22+0000 [22279] DEBUG Creating repo "copr:copr.fedorainfracloud.org:peterwu:rendezvous" from config file "/etc/yum.repos.d/_copr:copr.fedorainfracloud.org:peterwu:rendezvous.repo" section "copr:copr.fedorainfracloud.org:peterwu:rendezvous"
2025-12-06T14:11:22+0000 [22279] DEBUG Creating repo "copr:copr.fedorainfracloud.org:phracek:PyCharm" from config file "/etc/yum.repos.d/_copr:copr.fedorainfracloud.org:phracek:PyCharm.repo" section "copr:copr.fedorainfracloud.org:phracek:PyCharm"
2025-12-06T14:11:22+0000 [22279] DEBUG Creating repo "fedora-cisco-openh264" from config file "/etc/yum.repos.d/fedora-cisco-openh264.repo" section "fedora-cisco-openh264"
2025-12-06T14:11:22+0000 [22279] DEBUG Creating repo "fedora-cisco-openh264-debuginfo" from config file "/etc/yum.repos.d/fedora-cisco-openh264.repo" section "fedora-cisco-openh264-debuginfo"
2025-12-06T14:11:22+0000 [22279] DEBUG Creating repo "fedora-cisco-openh264-source" from config file "/etc/yum.repos.d/fedora-cisco-openh264.repo" section "fedora-cisco-openh264-source"
2025-12-06T14:11:22+0000 [22279] DEBUG Creating repo "updates-testing" from config file "/etc/yum.repos.d/fedora-updates-testing.repo" section "updates-testing"
2025-12-06T14:11:22+0000 [22279] DEBUG Creating repo "updates-testing-debuginfo" from config file "/etc/yum.repos.d/fedora-updates-testing.repo" section "updates-testing-debuginfo"
2025-12-06T14:11:22+0000 [22279] DEBUG Creating repo "updates-testing-source" from config file "/etc/yum.repos.d/fedora-updates-testing.repo" section "updates-testing-source"
2025-12-06T14:11:22+0000 [22279] DEBUG Creating repo "updates" from config file "/etc/yum.repos.d/fedora-updates.repo" section "updates"
2025-12-06T14:11:22+0000 [22279] DEBUG Creating repo "updates-debuginfo" from config file "/etc/yum.repos.d/fedora-updates.repo" section "updates-debuginfo"
2025-12-06T14:11:22+0000 [22279] DEBUG Creating repo "updates-source" from config file "/etc/yum.repos.d/fedora-updates.repo" section "updates-source"
2025-12-06T14:11:22+0000 [22279] DEBUG Creating repo "fedora" from config file "/etc/yum.repos.d/fedora.repo" section "fedora"
2025-12-06T14:11:22+0000 [22279] DEBUG Creating repo "fedora-debuginfo" from config file "/etc/yum.repos.d/fedora.repo" section "fedora-debuginfo"
2025-12-06T14:11:22+0000 [22279] DEBUG Creating repo "fedora-source" from config file "/etc/yum.repos.d/fedora.repo" section "fedora-source"
2025-12-06T14:11:22+0000 [22279] DEBUG Creating repo "google-chrome" from config file "/etc/yum.repos.d/google-chrome.repo" section "google-chrome"
2025-12-06T14:11:22+0000 [22279] DEBUG Creating repo "rpmfusion-nonfree-nvidia-driver" from config file "/etc/yum.repos.d/rpmfusion-nonfree-nvidia-driver.repo" section "rpmfusion-nonfree-nvidia-driver"
2025-12-06T14:11:22+0000 [22279] DEBUG Creating repo "rpmfusion-nonfree-nvidia-driver-debuginfo" from config file "/etc/yum.repos.d/rpmfusion-nonfree-nvidia-driver.repo" section "rpmfusion-nonfree-nvidia-driver-debuginfo"
2025-12-06T14:11:22+0000 [22279] DEBUG Creating repo "rpmfusion-nonfree-nvidia-driver-source" from config file "/etc/yum.repos.d/rpmfusion-nonfree-nvidia-driver.repo" section "rpmfusion-nonfree-nvidia-driver-source"
2025-12-06T14:11:22+0000 [22279] DEBUG Creating repo "rpmfusion-nonfree-steam" from config file "/etc/yum.repos.d/rpmfusion-nonfree-steam.repo" section "rpmfusion-nonfree-steam"
2025-12-06T14:11:22+0000 [22279] DEBUG Creating repo "rpmfusion-nonfree-steam-debuginfo" from config file "/etc/yum.repos.d/rpmfusion-nonfree-steam.repo" section "rpmfusion-nonfree-steam-debuginfo"
2025-12-06T14:11:22+0000 [22279] DEBUG Creating repo "rpmfusion-nonfree-steam-source" from config file "/etc/yum.repos.d/rpmfusion-nonfree-steam.repo" section "rpmfusion-nonfree-steam-source"
2025-12-06T14:11:22+0000 [22279] DEBUG Creating repo "code" from config file "/etc/yum.repos.d/vscode.repo" section "code"
2025-12-06T14:11:22+0000 [22279] DEBUG Loading system repo rpmdb from root "/"
2025-12-06T14:11:22+0000 [22279] INFO [librepo] Librepo version: 1.20.0 with CURL_GLOBAL_ACK_EINTR support (libcurl/8.15.0 OpenSSL/3.5.4 zlib/1.3.1.zlib-ng brotli/1.1.0 libidn2/2.3.8 libpsl/0.21.5 libssh/0.11.3/openssl/zlib nghttp2/1.66.0 OpenLDAP/2.6.10)
2025-12-06T14:11:22+0000 [22279] DEBUG [librepo] Current date: 2025-12-06T17:11:22+0300
2025-12-06T14:11:22+0000 [22279] DEBUG [librepo] lr_handle_perform: Using dir: /home/stoqz/.cache/libdnf5/google-chrome-6ed7e4f336f6863c
2025-12-06T14:11:22+0000 [22279] DEBUG [librepo] lr_handle_perform: Using own SIGINT handler
2025-12-06T14:11:22+0000 [22279] DEBUG [librepo] lr_handle_prepare_internal_mirrorlist: Preparing internal mirrorlist
2025-12-06T14:11:22+0000 [22279] DEBUG [librepo] lr_handle_prepare_internal_mirrorlist: Finalizing internal mirrorlist
2025-12-06T14:11:22+0000 [22279] DEBUG [librepo] lr_handle_prepare_internal_mirrorlist: Finalizing mirrors reported via LRI_MIRRORS
2025-12-06T14:11:22+0000 [22279] DEBUG [librepo] lr_handle_perform: Downloading/Locating yum repo
2025-12-06T14:11:22+0000 [22279] DEBUG [librepo] lr_yum_use_local: Locating repo..
2025-12-06T14:11:22+0000 [22279] DEBUG [librepo] lr_yum_use_local_load_base: Parsing repomd.xml
2025-12-06T14:11:22+0000 [22279] DEBUG [librepo] lr_yum_use_local_load_base: Repomd revision: 1764846721
2025-12-06T14:11:22+0000 [22279] DEBUG [librepo] lr_yum_use_local: Repository was successfully located
2025-12-06T14:11:22+0000 [22279] DEBUG [librepo] lr_yum_check_checksum_of_md_record: Checking checksum of /home/stoqz/.cache/libdnf5/google-chrome-6ed7e4f336f6863c/repodata/primary.xml.gz (expected: ad740f22acc1f18e14429a19c166c0934e11a43a321a8fd654e5c29b5fc928b2 [sha256])
2025-12-06T14:11:22+0000 [22279] DEBUG [librepo] lr_checksum_fd_compare: Using mtime cached in xattr: [user.librepo.checksum.mtime] 1764885342829329644
2025-12-06T14:11:22+0000 [22279] DEBUG [librepo] lr_checksum_fd_compare: Using checksum cached in xattr: [user.librepo.checksum.sha256] ad740f22acc1f18e14429a19c166c0934e11a43a321a8fd654e5c29b5fc928b2
2025-12-06T14:11:22+0000 [22279] DEBUG [librepo] lr_yum_check_checksum_of_md_record: Checksum check - Passed
2025-12-06T14:11:22+0000 [22279] DEBUG [librepo] lr_handle_perform: Restoring an old SIGINT handler
2025-12-06T14:11:22+0000 [22279] DEBUG Using cache for repo "google-chrome"
2025-12-06T14:11:22+0000 [22279] DEBUG [librepo] lr_handle_perform: Using dir: /home/stoqz/.cache/libdnf5/copr:copr.fedorainfracloud.org:peterwu:rendezvous-e5288e602aa60678
2025-12-06T14:11:22+0000 [22279] DEBUG [librepo] lr_handle_perform: Using own SIGINT handler
2025-12-06T14:11:22+0000 [22279] DEBUG [librepo] lr_handle_prepare_internal_mirrorlist: Preparing internal mirrorlist
2025-12-06T14:11:22+0000 [22279] DEBUG [librepo] lr_handle_prepare_internal_mirrorlist: Finalizing internal mirrorlist
2025-12-06T14:11:22+0000 [22279] DEBUG [librepo] lr_handle_prepare_internal_mirrorlist: Finalizing mirrors reported via LRI_MIRRORS
2025-12-06T14:11:22+0000 [22279] DEBUG [librepo] lr_handle_perform: Downloading/Locating yum repo
2025-12-06T14:11:22+0000 [22279] DEBUG [librepo] lr_yum_use_local: Locating repo..
2025-12-06T14:11:22+0000 [22279] DEBUG [librepo] lr_yum_use_local_load_base: Parsing repomd.xml
2025-12-06T14:11:22+0000 [22279] DEBUG [librepo] lr_yum_use_local_load_base: Repomd revision: 1761664395
2025-12-06T14:11:22+0000 [22279] DEBUG [librepo] lr_yum_use_local: Repository was successfully located
2025-12-06T14:11:22+0000 [22279] DEBUG [librepo] lr_yum_check_checksum_of_md_record: Checking checksum of /home/stoqz/.cache/libdnf5/copr:copr.fedorainfracloud.org:peterwu:rendezvous-e5288e602aa60678/repodata/07c37cd809c235ca6bbeb015eb33165cbf1909a1f28ff097b9a9f52dee75f346-primary.xml.gz (expected: 07c37cd809c235ca6bbeb015eb33165cbf1909a1f28ff097b9a9f52dee75f346 [sha256])
2025-12-06T14:11:22+0000 [22279] DEBUG [librepo] lr_checksum_fd_compare: Using mtime cached in xattr: [user.librepo.checksum.mtime] 1765017725640485956
2025-12-06T14:11:22+0000 [22279] DEBUG [librepo] lr_checksum_fd_compare: Using checksum cached in xattr: [user.librepo.checksum.sha256] 07c37cd809c235ca6bbeb015eb33165cbf1909a1f28ff097b9a9f52dee75f346
2025-12-06T14:11:22+0000 [22279] DEBUG [librepo] lr_yum_check_checksum_of_md_record: Checksum check - Passed
2025-12-06T14:11:22+0000 [22279] DEBUG [librepo] lr_handle_perform: Restoring an old SIGINT handler
2025-12-06T14:11:22+0000 [22279] DEBUG Using cache for repo "copr:copr.fedorainfracloud.org:peterwu:rendezvous"
2025-12-06T14:11:22+0000 [22279] DEBUG [librepo] lr_handle_perform: Using dir: /home/stoqz/.cache/libdnf5/copr:copr.fedorainfracloud.org:phracek:PyCharm-1e457d4b35a92fbf
2025-12-06T14:11:22+0000 [22279] DEBUG [librepo] lr_handle_perform: Using own SIGINT handler
2025-12-06T14:11:22+0000 [22279] DEBUG [librepo] lr_handle_prepare_internal_mirrorlist: Preparing internal mirrorlist
2025-12-06T14:11:22+0000 [22279] DEBUG [librepo] lr_handle_prepare_internal_mirrorlist: Finalizing internal mirrorlist
2025-12-06T14:11:22+0000 [22279] DEBUG [librepo] lr_handle_prepare_internal_mirrorlist: Finalizing mirrors reported via LRI_MIRRORS
2025-12-06T14:11:22+0000 [22279] DEBUG [librepo] lr_handle_perform: Downloading/Locating yum repo
2025-12-06T14:11:22+0000 [22279] DEBUG [librepo] lr_yum_use_local: Locating repo..
2025-12-06T14:11:22+0000 [22279] DEBUG [librepo] lr_yum_use_local_load_base: Parsing repomd.xml
2025-12-06T14:11:22+0000 [22279] DEBUG [librepo] lr_yum_use_local_load_base: Repomd revision: 1762235891
2025-12-06T14:11:22+0000 [22279] DEBUG [librepo] lr_yum_use_local: Repository was successfully located
2025-12-06T14:11:22+0000 [22279] DEBUG [librepo] lr_yum_check_checksum_of_md_record: Checking checksum of /home/stoqz/.cache/libdnf5/copr:copr.fedorainfracloud.org:phracek:PyCharm-1e457d4b35a92fbf/repodata/49c3339a9f6b3e51239b2cf6b9e96f9dd5b3c1d0a6ec6e677cb0798c012832dc-primary.xml.gz (expected: 49c3339a9f6b3e51239b2cf6b9e96f9dd5b3c1d0a6ec6e677cb0798c012832dc [sha256])
2025-12-06T14:11:22+0000 [22279] DEBUG [librepo] lr_checksum_fd_compare: Using mtime cached in xattr: [user.librepo.checksum.mtime] 1764885343088420788
2025-12-06T14:11:22+0000 [22279] DEBUG [librepo] lr_checksum_fd_compare: Using checksum cached in xattr: [user.librepo.checksum.sha256] 49c3339a9f6b3e51239b2cf6b9e96f9dd5b3c1d0a6ec6e677cb0798c012832dc
2025-12-06T14:11:22+0000 [22279] DEBUG [librepo] lr_yum_check_checksum_of_md_record: Checksum check - Passed
2025-12-06T14:11:22+0000 [22279] DEBUG [librepo] lr_handle_perform: Restoring an old SIGINT handler
2025-12-06T14:11:22+0000 [22279] DEBUG Using cache for repo "copr:copr.fedorainfracloud.org:phracek:PyCharm"
2025-12-06T14:11:22+0000 [22279] DEBUG [librepo] lr_handle_perform: Using dir: /home/stoqz/.cache/libdnf5/updates-431245df5652aba0
2025-12-06T14:11:22+0000 [22279] DEBUG [librepo] lr_handle_perform: Using own SIGINT handler
2025-12-06T14:11:22+0000 [22279] DEBUG [librepo] lr_handle_prepare_internal_mirrorlist: Preparing internal mirrorlist
2025-12-06T14:11:22+0000 [22279] DEBUG [librepo] lr_handle_prepare_metalink: Local metalink.xml found at /home/stoqz/.cache/libdnf5/updates-431245df5652aba0/metalink.xml
2025-12-06T14:11:22+0000 [22279] DEBUG [librepo] lr_handle_prepare_metalink: Parsing metalink.xml
2025-12-06T14:11:22+0000 [22279] DEBUG [librepo] lr_handle_prepare_metalink: Mirrors from metalink:
2025-12-06T14:11:22+0000 [22279] DEBUG [librepo]   https://mirror.plusline.net/fedora/linux/updates/43/Everything/x86_64/repodata/repomd.xml
2025-12-06T14:11:22+0000 [22279] DEBUG [librepo]   rsync://mirror.plusline.net/fedora/linux/updates/43/Everything/x86_64/repodata/repomd.xml
2025-12-06T14:11:22+0000 [22279] DEBUG [librepo]   http://mirror.plusline.net/fedora/linux/updates/43/Everything/x86_64/repodata/repomd.xml
2025-12-06T14:11:22+0000 [22279] DEBUG [librepo]   https://ftp.lysator.liu.se/pub/fedora/linux/updates/43/Everything/x86_64/repodata/repomd.xml
2025-12-06T14:11:22+0000 [22279] DEBUG [librepo]   http://ftp.lysator.liu.se/pub/fedora/linux/updates/43/Everything/x86_64/repodata/repomd.xml
2025-12-06T14:11:22+0000 [22279] DEBUG [librepo]   rsync://ftp.lysator.liu.se/pub/fedora/linux/updates/43/Everything/x86_64/repodata/repomd.xml
2025-12-06T14:11:22+0000 [22279] DEBUG [librepo]   https://fedora.ip-connect.vn.ua/linux/updates/43/Everything/x86_64/repodata/repomd.xml
2025-12-06T14:11:22+0000 [22279] DEBUG [librepo]   rsync://fedora.ip-connect.vn.ua/fedora/linux/updates/43/Everything/x86_64/repodata/repomd.xml
2025-12-06T14:11:22+0000 [22279] DEBUG [librepo]   http://fedora.ip-connect.vn.ua/linux/updates/43/Everything/x86_64/repodata/repomd.xml
2025-12-06T14:11:22+0000 [22279] DEBUG [librepo]   http://mirror.23m.com/fedora/linux/updates/43/Everything/x86_64/repodata/repomd.xml
2025-12-06T14:11:22+0000 [22279] DEBUG [librepo]   https://mirror.23m.com/fedora/linux/updates/43/Everything/x86_64/repodata/repomd.xml
2025-12-06T14:11:22+0000 [22279] DEBUG [librepo]   rsync://mirror.23m.com/fedora/linux/updates/43/Everything/x86_64/repodata/repomd.xml
2025-12-06T14:11:22+0000 [22279] DEBUG [librepo]   http://fedora.ipacct.com/fedora/linux/updates/43/Everything/x86_64/repodata/repomd.xml
2025-12-06T14:11:22+0000 [22279] DEBUG [librepo]   https://fedora.ipacct.com/fedora/linux/updates/43/Everything/x86_64/repodata/repomd.xml
2025-12-06T14:11:22+0000 [22279] DEBUG [librepo]   rsync://fedora.ipacct.com/fedora/linux/updates/43/Everything/x86_64/repodata/repomd.xml
2025-12-06T14:11:22+0000 [22279] DEBUG [librepo]   https://fedora.mirrorservice.org/fedora/linux/updates/43/Everything/x86_64/repodata/repomd.xml
2025-12-06T14:11:22+0000 [22279] DEBUG [librepo]   http://fedora.mirrorservice.org/fedora/linux/updates/43/Everything/x86_64/repodata/repomd.xml
2025-12-06T14:11:22+0000 [22279] DEBUG [librepo]   rsync://rsync.mirrorservice.org/dl.fedoraproject.org/pub/fedora/linux/updates/43/Everything/x86_64/repodata/repomd.xml
2025-12-06T14:11:22+0000 [22279] DEBUG [librepo]   https://ask4.mm.fcix.net/fedora/linux/updates/43/Everything/x86_64/repodata/repomd.xml
2025-12-06T14:11:22+0000 [22279] DEBUG [librepo]   http://ask4.mm.fcix.net/fedora/linux/updates/43/Everything/x86_64/repodata/repomd.xml
2025-12-06T14:11:22+0000 [22279] DEBUG [librepo]   rsync://ask4.mm.fcix.net/fedora-enchilada/linux/updates/43/Everything/x86_64/repodata/repomd.xml
2025-12-06T14:11:22+0000 [22279] DEBUG [librepo]   rsync://mirror.netsite.dk/fedora/updates/43/Everything/x86_64/repodata/repomd.xml
2025-12-06T14:11:22+0000 [22279] DEBUG [librepo]   https://mirror.netsite.dk/fedora/linux/updates/43/Everything/x86_64/repodata/repomd.xml
2025-12-06T14:11:22+0000 [22279] DEBUG [librepo]   http://mirror.netsite.dk/fedora/linux/updates/43/Everything/x86_64/repodata/repomd.xml
2025-12-06T14:11:22+0000 [22279] DEBUG [librepo]   http://ftp.fau.de/fedora/linux/updates/43/Everything/x86_64/repodata/repomd.xml
2025-12-06T14:11:22+0000 [22279] DEBUG [librepo]   https://ftp.fau.de/fedora/linux/updates/43/Everything/x86_64/repodata/repomd.xml
2025-12-06T14:11:22+0000 [22279] DEBUG [librepo]   rsync://ftp.fau.de/fedora/linux/updates/43/Everything/x86_64/repodata/repomd.xml
2025-12-06T14:11:22+0000 [22279] DEBUG [librepo]   https://ftp-stud.hs-esslingen.de/pub/fedora/linux/updates/43/Everything/x86_64/repodata/repomd.xml
2025-12-06T14:11:22+0000 [22279] DEBUG [librepo]   rsync://ftp-stud.hs-esslingen.de/fedora/linux/updates/43/Everything/x86_64/repodata/repomd.xml
2025-12-06T14:11:22+0000 [22279] DEBUG [librepo]   http://ftp-stud.hs-esslingen.de/pub/fedora/linux/updates/43/Everything/x86_64/repodata/repomd.xml
2025-12-06T14:11:22+0000 [22279] DEBUG [librepo]   rsync://mirror.karneval.cz/fedora/linux/updates/43/Everything/x86_64/repodata/repomd.xml
2025-12-06T14:11:22+0000 [22279] DEBUG [librepo]   https://mirror.karneval.cz/pub/linux/fedora/linux/updates/43/Everything/x86_64/repodata/repomd.xml
2025-12-06T14:11:22+0000 [22279] DEBUG [librepo]   http://mirror.slu.cz/fedora/linux/updates/43/Everything/x86_64/repodata/repomd.xml
2025-12-06T14:11:22+0000 [22279] DEBUG [librepo]   rsync://mirror.slu.cz/fedora/linux/updates/43/Everything/x86_64/repodata/repomd.xml
2025-12-06T14:11:22+0000 [22279] DEBUG [librepo]   https://mirror.slu.cz/fedora/linux/updates/43/Everything/x86_64/repodata/repomd.xml
2025-12-06T14:11:22+0000 [22279] DEBUG [librepo]   http://mirror.dogado.de/fedora/linux/updates/43/Everything/x86_64/repodata/repomd.xml
2025-12-06T14:11:22+0000 [22279] DEBUG [librepo]   https://mirror.dogado.de/fedora/linux/updates/43/Everything/x86_64/repodata/repomd.xml
2025-12-06T14:11:22+0000 [22279] DEBUG [librepo]   rsync://mirror.dogado.de/fedora/linux/updates/43/Everything/x86_64/repodata/repomd.xml
2025-12-06T14:11:22+0000 [22279] DEBUG [librepo]   http://mirror.bahnhof.net/pub/fedora/linux/updates/43/Everything/x86_64/repodata/repomd.xml
2025-12-06T14:11:22+0000 [22279] DEBUG [librepo]   https://mirror.bahnhof.net/pub/fedora/linux/updates/43/Everything/x86_64/repodata/repomd.xml
2025-12-06T14:11:22+0000 [22279] DEBUG [librepo]   rsync://mirror.de.leaseweb.net/fedora/updates/43/Everything/x86_64/repodata/repomd.xml
2025-12-06T14:11:22+0000 [22279] DEBUG [librepo]   http://mirror.de.leaseweb.net/fedora/linux/updates/43/Everything/x86_64/repodata/repomd.xml
2025-12-06T14:11:22+0000 [22279] DEBUG [librepo]   http://fedora.ip-connect.info/linux/updates/43/Everything/x86_64/repodata/repomd.xml
2025-12-06T14:11:22+0000 [22279] DEBUG [librepo]   https://fedora.ip-connect.info/linux/updates/43/Everything/x86_64/repodata/repomd.xml
2025-12-06T14:11:22+0000 [22279] DEBUG [librepo]   rsync://fedora.ip-connect.info/fedora/linux/updates/43/Everything/x86_64/repodata/repomd.xml
2025-12-06T14:11:22+0000 [22279] DEBUG [librepo]   http://ftp.sh.cvut.cz/fedora/linux/updates/43/Everything/x86_64/repodata/repomd.xml
2025-12-06T14:11:22+0000 [22279] DEBUG [librepo]   https://ftp.sh.cvut.cz/fedora/linux/updates/43/Everything/x86_64/repodata/repomd.xml
2025-12-06T14:11:22+0000 [22279] DEBUG [librepo]   rsync://ftp.sh.cvut.cz/fedora/linux/updates/43/Everything/x86_64/repodata/repomd.xml
2025-12-06T14:11:22+0000 [22279] DEBUG [librepo]   rsync://distrib-coffee.ipsl.jussieu.fr/pub/linux/fedora/linux/updates/43/Everything/x86_64/repodata/repomd.xml
2025-12-06T14:11:22+0000 [22279] DEBUG [librepo]   http://distrib-coffee.ipsl.jussieu.fr/pub/linux/fedora/linux/updates/43/Everything/x86_64/repodata/repomd.xml
2025-12-06T14:11:22+0000 [22279] DEBUG [librepo]   http://fedora.mirror.liteserver.nl/linux/updates/43/Everything/x86_64/repodata/repomd.xml
2025-12-06T14:11:22+0000 [22279] DEBUG [librepo]   rsync://mirror.liteserver.nl/fedora/linux/updates/43/Everything/x86_64/repodata/repomd.xml
2025-12-06T14:11:22+0000 [22279] DEBUG [librepo]   https://fedora.mirror.liteserver.nl/linux/updates/43/Everything/x86_64/repodata/repomd.xml
2025-12-06T14:11:22+0000 [22279] DEBUG [librepo]   https://mirrors.xtom.ee/fedora/updates/43/Everything/x86_64/repodata/repomd.xml
2025-12-06T14:11:22+0000 [22279] DEBUG [librepo]   rsync://mirrors.xtom.ee/fedora/updates/43/Everything/x86_64/repodata/repomd.xml
2025-12-06T14:11:22+0000 [22279] DEBUG [librepo]   http://mirrors.xtom.ee/fedora/updates/43/Everything/x86_64/repodata/repomd.xml
2025-12-06T14:11:22+0000 [22279] DEBUG [librepo]   rsync://ftp.uni-stuttgart.de/fedora/updates/43/Everything/x86_64/repodata/repomd.xml
2025-12-06T14:11:22+0000 [22279] DEBUG [librepo]   https://ftp.uni-stuttgart.de/fedora/updates/43/Everything/x86_64/repodata/repomd.xml
2025-12-06T14:11:22+0000 [22279] DEBUG [librepo]   http://ftp.uni-stuttgart.de/fedora/updates/43/Everything/x86_64/repodata/repomd.xml
2025-12-06T14:11:22+0000 [22279] DEBUG [librepo]   rsync://mirror.nl.leaseweb.net/fedora/linux/updates/43/Everything/x86_64/repodata/repomd.xml
2025-12-06T14:11:22+0000 [22279] DEBUG [librepo]   http://mirror.nl.leaseweb.net/fedora/linux/updates/43/Everything/x86_64/repodata/repomd.xml
2025-12-06T14:11:22+0000 [22279] DEBUG [librepo]   rsync://mirror.i3d.net/fedora/linux/updates/43/Everything/x86_64/repodata/repomd.xml
2025-12-06T14:11:22+0000 [22279] DEBUG [librepo]   https://mirror.i3d.net/pub/fedora/linux/updates/43/Everything/x86_64/repodata/repomd.xml
2025-12-06T14:11:22+0000 [22279] DEBUG [librepo]   http://mirror.i3d.net/pub/fedora/linux/updates/43/Everything/x86_64/repodata/repomd.xml
2025-12-06T14:11:22+0000 [22279] DEBUG [librepo]   rsync://rsync.nic.funet.fi/ftp/pub/mirrors/fedora.redhat.com/pub/fedora/linux/updates/43/Everything/x86_64/repodata/repomd.xml
2025-12-06T14:11:22+0000 [22279] DEBUG [librepo]   http://www.nic.funet.fi/pub/mirrors/fedora.redhat.com/pub/fedora/linux/updates/43/Everything/x86_64/repodata/repomd.xml
2025-12-06T14:11:22+0000 [22279] DEBUG [librepo]   https://mirrors.xtom.de/fedora/updates/43/Everything/x86_64/repodata/repomd.xml
2025-12-06T14:11:22+0000 [22279] DEBUG [librepo]   http://mirrors.xtom.de/fedora/updates/43/Everything/x86_64/repodata/repomd.xml
2025-12-06T14:11:22+0000 [22279] DEBUG [librepo]   rsync://mirrors.xtom.de/fedora/updates/43/Everything/x86_64/repodata/repomd.xml
2025-12-06T14:11:22+0000 [22279] DEBUG [librepo]   rsync://fedora.tu-chemnitz.de/ftp/pub/linux/fedora/linux/updates/43/Everything/x86_64/repodata/repomd.xml
2025-12-06T14:11:22+0000 [22279] DEBUG [librepo]   http://fedora.tu-chemnitz.de/pub/linux/fedora/linux/updates/43/Everything/x86_64/repodata/repomd.xml
2025-12-06T14:11:22+0000 [22279] DEBUG [librepo]   http://mirror.in2p3.fr/pub/fedora/linux/updates/43/Everything/x86_64/repodata/repomd.xml
2025-12-06T14:11:22+0000 [22279] DEBUG [librepo]   rsync://mirror.in2p3.fr/pub/fedora/linux/updates/43/Everything/x86_64/repodata/repomd.xml
2025-12-06T14:11:22+0000 [22279] DEBUG [librepo]   https://mirror.in2p3.fr/pub/fedora/linux/updates/43/Everything/x86_64/repodata/repomd.xml
2025-12-06T14:11:22+0000 [22279] DEBUG [librepo]   http://mirror.netzwerge.de/fedora/linux/updates/43/Everything/x86_64/repodata/repomd.xml
2025-12-06T14:11:22+0000 [22279] DEBUG [librepo]   https://mirror.netzwerge.de/fedora/linux/updates/43/Everything/x86_64/repodata/repomd.xml
2025-12-06T14:11:22+0000 [22279] DEBUG [librepo]   rsync://mirror.netzwerge.de/fedora/linux/updates/43/Everything/x86_64/repodata/repomd.xml
2025-12-06T14:11:22+0000 [22279] DEBUG [librepo]   http://ftp.uni-bayreuth.de/linux/fedora/linux/updates/43/Everything/x86_64/repodata/repomd.xml
2025-12-06T14:11:22+0000 [22279] DEBUG [librepo]   rsync://rsync.uni-bayreuth.de/fedora-enchilada/linux/updates/43/Everything/x86_64/repodata/repomd.xml
2025-12-06T14:11:22+0000 [22279] DEBUG [librepo]   http://ftp.otenet.gr/linux/fedora/linux/updates/43/Everything/x86_64/repodata/repomd.xml
2025-12-06T14:11:22+0000 [22279] DEBUG [librepo]   http://creeperhost.mm.fcix.net/fedora/linux/updates/43/Everything/x86_64/repodata/repomd.xml
2025-12-06T14:11:22+0000 [22279] DEBUG [librepo]   https://creeperhost.mm.fcix.net/fedora/linux/updates/43/Everything/x86_64/repodata/repomd.xml
2025-12-06T14:11:22+0000 [22279] DEBUG [librepo]   rsync://creeperhost.mm.fcix.net/fedora-enchilada/linux/updates/43/Everything/x86_64/repodata/repomd.xml
2025-12-06T14:11:22+0000 [22279] DEBUG [librepo]   https://mirror.maeen.sa/fedora/updates/43/Everything/x86_64/repodata/repomd.xml
2025-12-06T14:11:22+0000 [22279] DEBUG [librepo]   http://mirror.maeen.sa/fedora/updates/43/Everything/x86_64/repodata/repomd.xml
2025-12-06T14:11:22+0000 [22279] DEBUG [librepo]   rsync://mirror.maeen.sa/fedora/updates/43/Everything/x86_64/repodata/repomd.xml
2025-12-06T14:11:22+0000 [22279] DEBUG [librepo]   https://ftp.upjs.sk/pub/fedora/linux/updates/43/Everything/x86_64/repodata/repomd.xml
2025-12-06T14:11:22+0000 [22279] DEBUG [librepo]   http://ftp.upjs.sk/pub/fedora/linux/updates/43/Everything/x86_64/repodata/repomd.xml
2025-12-06T14:11:22+0000 [22279] DEBUG [librepo]   rsync://ftp.upjs.sk/pub/fedora/linux/updates/43/Everything/x86_64/repodata/repomd.xml
2025-12-06T14:11:22+0000 [22279] DEBUG [librepo]   https://mirror.imt-systems.com/fedora/linux/updates/43/Everything/x86_64/repodata/repomd.xml
2025-12-06T14:11:22+0000 [22279] DEBUG [librepo]   rsync://mirror.imt-systems.com/fedora/linux/updates/43/Everything/x86_64/repodata/repomd.xml
2025-12-06T14:11:22+0000 [22279] DEBUG [librepo]   http://mirror.imt-systems.com/fedora/linux/updates/43/Everything/x86_64/repodata/repomd.xml
2025-12-06T14:11:22+0000 [22279] DEBUG [librepo]   https://mirrors.nxthost.com/fedora/updates/43/Everything/x86_64/repodata/repomd.xml
2025-12-06T14:11:22+0000 [22279] DEBUG [librepo]   http://mirrors.nxthost.com/fedora/updates/43/Everything/x86_64/repodata/repomd.xml
2025-12-06T14:11:22+0000 [22279] DEBUG [librepo]   rsync://mirrors.nxthost.com/fedora/updates/43/Everything/x86_64/repodata/repomd.xml
2025-12-06T14:11:22+0000 [22279] DEBUG [librepo]   rsync://mirrors.dotsrc.org/fedora-enchilada/linux/updates/43/Everything/x86_64/repodata/repomd.xml
2025-12-06T14:11:22+0000 [22279] DEBUG [librepo]   http://mirrors.dotsrc.org/fedora-enchilada/linux/updates/43/Everything/x86_64/repodata/repomd.xml
2025-12-06T14:11:22+0000 [22279] DEBUG [librepo]   https://mirrors.dotsrc.org/fedora-enchilada/linux/updates/43/Everything/x86_64/repodata/repomd.xml
2025-12-06T14:11:22+0000 [22279] DEBUG [librepo]   https://fr2.rpmfind.net/linux/fedora/linux/updates/43/Everything/x86_64/repodata/repomd.xml
2025-12-06T14:11:22+0000 [22279] DEBUG [librepo]   http://fr2.rpmfind.net/linux/fedora/linux/updates/43/Everything/x86_64/repodata/repomd.xml
2025-12-06T14:11:22+0000 [22279] DEBUG [librepo]   rsync://fr2.rpmfind.net/linux/fedora/linux/updates/43/Everything/x86_64/repodata/repomd.xml
2025-12-06T14:11:22+0000 [22279] DEBUG [librepo]   rsync://ftp.cc.uoc.gr/fedora/linux/updates/43/Everything/x86_64/repodata/repomd.xml
2025-12-06T14:11:22+0000 [22279] DEBUG [librepo]   http://ftp.cc.uoc.gr/pub/linux/fedora/linux/updates/43/Everything/x86_64/repodata/repomd.xml
2025-12-06T14:11:22+0000 [22279] DEBUG [librepo]   https://ftp.cc.uoc.gr/pub/linux/fedora/linux/updates/43/Everything/x86_64/repodata/repomd.xml
2025-12-06T14:11:22+0000 [22279] DEBUG [librepo]   https://b4sh.mm.fcix.net/fedora/linux/updates/43/Everything/x86_64/repodata/repomd.xml
2025-12-06T14:11:22+0000 [22279] DEBUG [librepo]   http://b4sh.mm.fcix.net/fedora/linux/updates/43/Everything/x86_64/repodata/repomd.xml
2025-12-06T14:11:22+0000 [22279] DEBUG [librepo]   rsync://b4sh.mm.fcix.net/fedora-enchilada/linux/updates/43/Everything/x86_64/repodata/repomd.xml
2025-12-06T14:11:22+0000 [22279] DEBUG [librepo]   https://mirrors.n-ix.net/fedora/linux/updates/43/Everything/x86_64/repodata/repomd.xml
2025-12-06T14:11:22+0000 [22279] DEBUG [librepo]   rsync://mirrors.n-ix.net/fedora/updates/43/Everything/x86_64/repodata/repomd.xml
2025-12-06T14:11:22+0000 [22279] DEBUG [librepo]   http://mirrors.n-ix.net/fedora/linux/updates/43/Everything/x86_64/repodata/repomd.xml
2025-12-06T14:11:22+0000 [22279] DEBUG [librepo]   https://divergentnetworks.mm.fcix.net/fedora/linux/updates/43/Everything/x86_64/repodata/repomd.xml
2025-12-06T14:11:22+0000 [22279] DEBUG [librepo]   http://divergentnetworks.mm.fcix.net/fedora/linux/updates/43/Everything/x86_64/repodata/repomd.xml
2025-12-06T14:11:22+0000 [22279] DEBUG [librepo]   rsync://divergentnetworks.mm.fcix.net/fedora-enchilada/linux/updates/43/Everything/x86_64/repodata/repomd.xml
2025-12-06T14:11:22+0000 [22279] DEBUG [librepo]   http://mirrors.chroot.ro/fedora/linux/updates/43/Everything/x86_64/repodata/repomd.xml
2025-12-06T14:11:22+0000 [22279] DEBUG [librepo]   http://ftp.tudelft.nl/download.fedora.redhat.com/linux/updates/43/Everything/x86_64/repodata/repomd.xml
2025-12-06T14:11:22+0000 [22279] DEBUG [librepo]   rsync://fedora-mirror02.rbc.ru/fedora-enchilada/updates/43/Everything/x86_64/repodata/repomd.xml
2025-12-06T14:11:22+0000 [22279] DEBUG [librepo]   http://fedora-mirror02.rbc.ru/pub/fedora/linux/updates/43/Everything/x86_64/repodata/repomd.xml
2025-12-06T14:11:22+0000 [22279] DEBUG [librepo] lr_handle_prepare_metalink: Metalink parsed
2025-12-06T14:11:22+0000 [22279] DEBUG [librepo] lr_handle_prepare_internal_mirrorlist: Finalizing internal mirrorlist
2025-12-06T14:11:22+0000 [22279] DEBUG [librepo] lr_handle_prepare_internal_mirrorlist: Finalizing mirrors reported via LRI_MIRRORS
2025-12-06T14:11:22+0000 [22279] DEBUG [librepo] lr_handle_perform: Downloading/Locating yum repo
2025-12-06T14:11:22+0000 [22279] DEBUG [librepo] lr_yum_use_local: Locating repo..
2025-12-06T14:11:22+0000 [22279] DEBUG [librepo] lr_yum_use_local_load_base: Found local metalink: /home/stoqz/.cache/libdnf5/updates-431245df5652aba0/metalink.xml
2025-12-06T14:11:22+0000 [22279] DEBUG [librepo] lr_yum_use_local_load_base: Parsing repomd.xml
2025-12-06T14:11:22+0000 [22279] DEBUG [librepo] lr_yum_use_local_load_base: Repomd revision: 1764807577
2025-12-06T14:11:22+0000 [22279] DEBUG [librepo] Found primary_zck so using instead of primary
2025-12-06T14:11:22+0000 [22279] DEBUG [librepo] Found updateinfo_zck so using instead of updateinfo
2025-12-06T14:11:22+0000 [22279] DEBUG [librepo] lr_yum_use_local: Repository was successfully located
2025-12-06T14:11:22+0000 [22279] DEBUG [librepo] lr_yum_check_checksum_of_md_record: Checking checksum of /home/stoqz/.cache/libdnf5/updates-431245df5652aba0/repodata/640489af099d86be3d20646b54dc94351abc9d72fceb91104c42826f1414c20f-primary.xml.zck (expected: 7b104f8a26713ea97fbb39151295c0d2ec755fe0ad91b7c824152f0eb344b440 [sha256])
2025-12-06T14:11:22+0000 [22279] DEBUG [librepo] lr_yum_check_checksum_of_md_record: Checksum check - Passed
2025-12-06T14:11:22+0000 [22279] DEBUG [librepo] lr_yum_check_checksum_of_md_record: Checking checksum of /home/stoqz/.cache/libdnf5/updates-431245df5652aba0/repodata/939706b82f6d279c39879bdb78e1cd946aed8dd1df3e00e7006f69080c884acc-comps-Everything.x86_64.xml.zst (expected: 939706b82f6d279c39879bdb78e1cd946aed8dd1df3e00e7006f69080c884acc [sha256])
2025-12-06T14:11:22+0000 [22279] DEBUG [librepo] lr_yum_check_checksum_of_md_record: Checksum check - Passed
2025-12-06T14:11:22+0000 [22279] DEBUG [librepo] lr_yum_check_checksum_of_md_record: Checking checksum of /home/stoqz/.cache/libdnf5/updates-431245df5652aba0/repodata/17093cb1875645e95b3df9165434a3f2df3b6d2793533fca0293acb1adf59f8a-updateinfo.xml.zck (expected: 9cc6fc120d4f6523fa7c973ed850b97fda28dd5768176aa10e5663af811ec2ae [sha256])
2025-12-06T14:11:22+0000 [22279] DEBUG [librepo] lr_yum_check_checksum_of_md_record: Checksum check - Passed
2025-12-06T14:11:22+0000 [22279] DEBUG [librepo] lr_handle_perform: Restoring an old SIGINT handler
2025-12-06T14:11:22+0000 [22279] DEBUG Metadata removal from repository cache in path "/home/stoqz/.cache/libdnf5/updates-431245df5652aba0" complete. Removed 5 files, 1 directories (total of 5282487 bytes). 0 errors
2025-12-06T14:11:22+0000 [22279] DEBUG Solv files removal from repository cache in path "/home/stoqz/.cache/libdnf5/updates-431245df5652aba0" complete. Removed 3 files, 1 directories (total of 13107859 bytes). 0 errors
2025-12-06T14:11:22+0000 [22279] DEBUG [librepo] lr_handle_perform: Using dir: /home/stoqz/.cache/libdnf5/updates-431245df5652aba0
2025-12-06T14:11:22+0000 [22279] DEBUG [librepo] lr_handle_perform: Using own SIGINT handler
2025-12-06T14:11:22+0000 [22279] DEBUG [librepo] lr_handle_prepare_internal_mirrorlist: Preparing internal mirrorlist
2025-12-06T14:11:22+0000 [22279] DEBUG [librepo] lr_handle_prepare_metalink: Local metalink.xml found at /home/stoqz/.cache/libdnf5/updates-431245df5652aba0/metalink.xml
2025-12-06T14:11:22+0000 [22279] DEBUG [librepo] lr_handle_prepare_metalink: Parsing metalink.xml
2025-12-06T14:11:22+0000 [22279] DEBUG [librepo] lr_handle_prepare_metalink: Mirrors from metalink:
2025-12-06T14:11:22+0000 [22279] DEBUG [librepo]   https://fedora.mirrorservice.org/fedora/linux/updates/43/Everything/x86_64/repodata/repomd.xml
2025-12-06T14:11:22+0000 [22279] DEBUG [librepo]   http://fedora.mirrorservice.org/fedora/linux/updates/43/Everything/x86_64/repodata/repomd.xml
2025-12-06T14:11:22+0000 [22279] DEBUG [librepo]   rsync://rsync.mirrorservice.org/dl.fedoraproject.org/pub/fedora/linux/updates/43/Everything/x86_64/repodata/repomd.xml
2025-12-06T14:11:22+0000 [22279] DEBUG [librepo]   http://mirror.dogado.de/fedora/linux/updates/43/Everything/x86_64/repodata/repomd.xml
2025-12-06T14:11:22+0000 [22279] DEBUG [librepo]   https://mirror.dogado.de/fedora/linux/updates/43/Everything/x86_64/repodata/repomd.xml
2025-12-06T14:11:22+0000 [22279] DEBUG [librepo]   rsync://mirror.dogado.de/fedora/linux/updates/43/Everything/x86_64/repodata/repomd.xml
2025-12-06T14:11:22+0000 [22279] DEBUG [librepo]   http://mirror.23m.com/fedora/linux/updates/43/Everything/x86_64/repodata/repomd.xml
2025-12-06T14:11:22+0000 [22279] DEBUG [librepo]   https://mirror.23m.com/fedora/linux/updates/43/Everything/x86_64/repodata/repomd.xml
2025-12-06T14:11:22+0000 [22279] DEBUG [librepo]   rsync://mirror.23m.com/fedora/linux/updates/43/Everything/x86_64/repodata/repomd.xml
2025-12-06T14:11:22+0000 [22279] DEBUG [librepo]   https://mirror.plusline.net/fedora/linux/updates/43/Everything/x86_64/repodata/repomd.xml
2025-12-06T14:11:22+0000 [22279] DEBUG [librepo]   rsync://mirror.plusline.net/fedora/linux/updates/43/Everything/x86_64/repodata/repomd.xml
2025-12-06T14:11:22+0000 [22279] DEBUG [librepo]   http://mirror.plusline.net/fedora/linux/updates/43/Everything/x86_64/repodata/repomd.xml
2025-12-06T14:11:22+0000 [22279] DEBUG [librepo]   http://mirror.slu.cz/fedora/linux/updates/43/Everything/x86_64/repodata/repomd.xml
2025-12-06T14:11:22+0000 [22279] DEBUG [librepo]   rsync://mirror.slu.cz/fedora/linux/updates/43/Everything/x86_64/repodata/repomd.xml
2025-12-06T14:11:22+0000 [22279] DEBUG [librepo]   https://mirror.slu.cz/fedora/linux/updates/43/Everything/x86_64/repodata/repomd.xml
2025-12-06T14:11:22+0000 [22279] DEBUG [librepo]   http://fedora.ipacct.com/fedora/linux/updates/43/Everything/x86_64/repodata/repomd.xml
2025-12-06T14:11:22+0000 [22279] DEBUG [librepo]   https://fedora.ipacct.com/fedora/linux/updates/43/Everything/x86_64/repodata/repomd.xml
2025-12-06T14:11:22+0000 [22279] DEBUG [librepo]   rsync://fedora.ipacct.com/fedora/linux/updates/43/Everything/x86_64/repodata/repomd.xml
2025-12-06T14:11:22+0000 [22279] DEBUG [librepo]   rsync://mirror.karneval.cz/fedora/linux/updates/43/Everything/x86_64/repodata/repomd.xml
2025-12-06T14:11:22+0000 [22279] DEBUG [librepo]   https://mirror.karneval.cz/pub/linux/fedora/linux/updates/43/Everything/x86_64/repodata/repomd.xml
2025-12-06T14:11:22+0000 [22279] DEBUG [librepo]   rsync://fedora.tu-chemnitz.de/ftp/pub/linux/fedora/linux/updates/43/Everything/x86_64/repodata/repomd.xml
2025-12-06T14:11:22+0000 [22279] DEBUG [librepo]   http://fedora.tu-chemnitz.de/pub/linux/fedora/linux/updates/43/Everything/x86_64/repodata/repomd.xml
2025-12-06T14:11:22+0000 [22279] DEBUG [librepo]   http://mirror.netzwerge.de/fedora/linux/updates/43/Everything/x86_64/repodata/repomd.xml
2025-12-06T14:11:22+0000 [22279] DEBUG [librepo]   https://mirror.netzwerge.de/fedora/linux/updates/43/Everything/x86_64/repodata/repomd.xml
2025-12-06T14:11:22+0000 [22279] DEBUG [librepo]   rsync://mirror.netzwerge.de/fedora/linux/updates/43/Everything/x86_64/repodata/repomd.xml
2025-12-06T14:11:22+0000 [22279] DEBUG [librepo]   https://fr2.rpmfind.net/linux/fedora/linux/updates/43/Everything/x86_64/repodata/repomd.xml
2025-12-06T14:11:22+0000 [22279] DEBUG [librepo]   http://fr2.rpmfind.net/linux/fedora/linux/updates/43/Everything/x86_64/repodata/repomd.xml
2025-12-06T14:11:22+0000 [22279] DEBUG [librepo]   rsync://fr2.rpmfind.net/linux/fedora/linux/updates/43/Everything/x86_64/repodata/repomd.xml
2025-12-06T14:11:22+0000 [22279] DEBUG [librepo]   http://fedora.ip-connect.info/linux/updates/43/Everything/x86_64/repodata/repomd.xml
2025-12-06T14:11:22+0000 [22279] DEBUG [librepo]   https://fedora.ip-connect.info/linux/updates/43/Everything/x86_64/repodata/repomd.xml
2025-12-06T14:11:22+0000 [22279] DEBUG [librepo]   rsync://fedora.ip-connect.info/fedora/linux/updates/43/Everything/x86_64/repodata/repomd.xml
2025-12-06T14:11:22+0000 [22279] DEBUG [librepo] lr_handle_prepare_metalink: Metalink parsed
2025-12-06T14:11:22+0000 [22279] DEBUG [librepo] lr_handle_prepare_internal_mirrorlist: Finalizing internal mirrorlist
2025-12-06T14:11:22+0000 [22279] DEBUG [librepo] lr_handle_prepare_internal_mirrorlist: Finalizing mirrors reported via LRI_MIRRORS
2025-12-06T14:11:22+0000 [22279] DEBUG [librepo] lr_handle_perform: Downloading/Locating yum repo
2025-12-06T14:11:22+0000 [22279] DEBUG [librepo] lr_yum_use_local: Locating repo..
2025-12-06T14:11:22+0000 [22279] DEBUG [librepo] lr_yum_use_local_load_base: Found local metalink: /home/stoqz/.cache/libdnf5/updates-431245df5652aba0/metalink.xml
2025-12-06T14:11:22+0000 [22279] DEBUG [librepo] lr_yum_use_local_load_base: Parsing repomd.xml
2025-12-06T14:11:22+0000 [22279] DEBUG [librepo] lr_yum_use_local_load_base: Repomd revision: 1764980417
2025-12-06T14:11:22+0000 [22279] DEBUG [librepo] Found primary_zck so using instead of primary
2025-12-06T14:11:22+0000 [22279] DEBUG [librepo] Found updateinfo_zck so using instead of updateinfo
2025-12-06T14:11:22+0000 [22279] DEBUG [librepo] lr_yum_use_local: Repository was successfully located
2025-12-06T14:11:22+0000 [22279] DEBUG [librepo] lr_yum_check_checksum_of_md_record: Checking checksum of /home/stoqz/.cache/libdnf5/updates-431245df5652aba0/repodata/0178adfd761f9ad968680c9a2930e4d22fd6fbcc26f86235be3f7b98f6386da9-primary.xml.zck (expected: 029771e1ae57705d5f92d4ae9e97bdef20f7f5294430265777b2696aad1e84ca [sha256])
2025-12-06T14:11:22+0000 [22279] DEBUG [librepo] lr_yum_check_checksum_of_md_record: Checksum check - Passed
2025-12-06T14:11:22+0000 [22279] DEBUG [librepo] lr_yum_check_checksum_of_md_record: Checking checksum of /home/stoqz/.cache/libdnf5/updates-431245df5652aba0/repodata/939706b82f6d279c39879bdb78e1cd946aed8dd1df3e00e7006f69080c884acc-comps-Everything.x86_64.xml.zst (expected: 939706b82f6d279c39879bdb78e1cd946aed8dd1df3e00e7006f69080c884acc [sha256])
2025-12-06T14:11:22+0000 [22279] DEBUG [librepo] lr_yum_check_checksum_of_md_record: Checksum check - Passed
2025-12-06T14:11:22+0000 [22279] DEBUG [librepo] lr_yum_check_checksum_of_md_record: Checking checksum of /home/stoqz/.cache/libdnf5/updates-431245df5652aba0/repodata/3b78b4c377f9e8d2b2807055764dd3ebeadf569d4a3d0e9c19542a3cc0c9c6aa-updateinfo.xml.zck (expected: c38045318c045e8de1e4c9ca64ad61af725b85ebaeededda4d9c811f05509c8a [sha256])
2025-12-06T14:11:22+0000 [22279] DEBUG [librepo] lr_yum_check_checksum_of_md_record: Checksum check - Passed
2025-12-06T14:11:22+0000 [22279] DEBUG [librepo] lr_handle_perform: Restoring an old SIGINT handler
2025-12-06T14:11:22+0000 [22279] DEBUG [librepo] lr_handle_perform: Using dir: /home/stoqz/.cache/libdnf5/fedora-cisco-openh264-65b03c203277e378
2025-12-06T14:11:22+0000 [22279] DEBUG [librepo] lr_handle_perform: Using own SIGINT handler
2025-12-06T14:11:22+0000 [22279] DEBUG [librepo] lr_handle_prepare_internal_mirrorlist: Preparing internal mirrorlist
2025-12-06T14:11:22+0000 [22279] DEBUG [librepo] lr_handle_prepare_metalink: Local metalink.xml found at /home/stoqz/.cache/libdnf5/fedora-cisco-openh264-65b03c203277e378/metalink.xml
2025-12-06T14:11:22+0000 [22279] DEBUG [librepo] lr_handle_prepare_metalink: Parsing metalink.xml
2025-12-06T14:11:22+0000 [22279] DEBUG [librepo] lr_handle_prepare_metalink: Mirrors from metalink:
2025-12-06T14:11:22+0000 [22279] DEBUG [librepo]   https://codecs.fedoraproject.org/openh264/43/x86_64/repodata/repomd.xml
2025-12-06T14:11:22+0000 [22279] DEBUG [librepo] lr_handle_prepare_metalink: Metalink parsed
2025-12-06T14:11:22+0000 [22279] DEBUG [librepo] lr_handle_prepare_internal_mirrorlist: Finalizing internal mirrorlist
2025-12-06T14:11:22+0000 [22279] DEBUG [librepo] lr_handle_prepare_internal_mirrorlist: Finalizing mirrors reported via LRI_MIRRORS
2025-12-06T14:11:22+0000 [22279] DEBUG [librepo] lr_handle_perform: Downloading/Locating yum repo
2025-12-06T14:11:22+0000 [22279] DEBUG [librepo] lr_yum_use_local: Locating repo..
2025-12-06T14:11:22+0000 [22279] DEBUG [librepo] lr_yum_use_local_load_base: Found local metalink: /home/stoqz/.cache/libdnf5/fedora-cisco-openh264-65b03c203277e378/metalink.xml
2025-12-06T14:11:22+0000 [22279] DEBUG [librepo] lr_yum_use_local_load_base: Parsing repomd.xml
2025-12-06T14:11:22+0000 [22279] DEBUG [librepo] lr_yum_use_local_load_base: Repomd revision: 1741171556
2025-12-06T14:11:22+0000 [22279] DEBUG [librepo] lr_yum_use_local: Repository was successfully located
2025-12-06T14:11:22+0000 [22279] DEBUG [librepo] lr_yum_check_checksum_of_md_record: Checking checksum of /home/stoqz/.cache/libdnf5/fedora-cisco-openh264-65b03c203277e378/repodata/aa1a9ab7a3cdffda906b294adb3d4031c5991e8e443f7777eabd4bbccde51967-primary.xml.zst (expected: aa1a9ab7a3cdffda906b294adb3d4031c5991e8e443f7777eabd4bbccde51967 [sha256])
2025-12-06T14:11:22+0000 [22279] DEBUG [librepo] lr_checksum_fd_compare: Using mtime cached in xattr: [user.librepo.checksum.mtime] 1764885342827487411
2025-12-06T14:11:22+0000 [22279] DEBUG [librepo] lr_checksum_fd_compare: Using checksum cached in xattr: [user.librepo.checksum.sha256] aa1a9ab7a3cdffda906b294adb3d4031c5991e8e443f7777eabd4bbccde51967
2025-12-06T14:11:22+0000 [22279] DEBUG [librepo] lr_yum_check_checksum_of_md_record: Checksum check - Passed
2025-12-06T14:11:22+0000 [22279] DEBUG [librepo] lr_handle_perform: Restoring an old SIGINT handler
2025-12-06T14:11:22+0000 [22279] DEBUG Using cache for repo "fedora-cisco-openh264"
2025-12-06T14:11:22+0000 [22279] DEBUG [librepo] lr_handle_perform: Using dir: /home/stoqz/.cache/libdnf5/fedora-fe4b228be7d3c150
2025-12-06T14:11:22+0000 [22279] DEBUG [librepo] lr_handle_perform: Using own SIGINT handler
2025-12-06T14:11:22+0000 [22279] DEBUG [librepo] lr_handle_prepare_internal_mirrorlist: Preparing internal mirrorlist
2025-12-06T14:11:22+0000 [22279] DEBUG [librepo] lr_handle_prepare_metalink: Local metalink.xml found at /home/stoqz/.cache/libdnf5/fedora-fe4b228be7d3c150/metalink.xml
2025-12-06T14:11:22+0000 [22279] DEBUG [librepo] lr_handle_prepare_metalink: Parsing metalink.xml
2025-12-06T14:11:22+0000 [22279] DEBUG [librepo] lr_handle_prepare_metalink: Mirrors from metalink:
2025-12-06T14:11:22+0000 [22279] DEBUG [librepo]   http://mirror.in2p3.fr/pub/fedora/linux/releases/43/Everything/x86_64/os/repodata/repomd.xml
2025-12-06T14:11:22+0000 [22279] DEBUG [librepo]   rsync://mirror.in2p3.fr/pub/fedora/linux/releases/43/Everything/x86_64/os/repodata/repomd.xml
2025-12-06T14:11:22+0000 [22279] DEBUG [librepo]   https://mirror.in2p3.fr/pub/fedora/linux/releases/43/Everything/x86_64/os/repodata/repomd.xml
2025-12-06T14:11:22+0000 [22279] DEBUG [librepo]   http://ftp.fau.de/fedora/linux/releases/43/Everything/x86_64/os/repodata/repomd.xml
2025-12-06T14:11:22+0000 [22279] DEBUG [librepo]   https://ftp.fau.de/fedora/linux/releases/43/Everything/x86_64/os/repodata/repomd.xml
2025-12-06T14:11:22+0000 [22279] DEBUG [librepo]   rsync://ftp.fau.de/fedora/linux/releases/43/Everything/x86_64/os/repodata/repomd.xml
2025-12-06T14:11:22+0000 [22279] DEBUG [librepo]   http://mirror.yandex.ru/fedora/linux/releases/43/Everything/x86_64/os/repodata/repomd.xml
2025-12-06T14:11:22+0000 [22279] DEBUG [librepo]   rsync://mirror.yandex.ru/fedora/linux/releases/43/Everything/x86_64/os/repodata/repomd.xml
2025-12-06T14:11:22+0000 [22279] DEBUG [librepo]   https://mirror.yandex.ru/fedora/linux/releases/43/Everything/x86_64/os/repodata/repomd.xml
2025-12-06T14:11:22+0000 [22279] DEBUG [librepo]   https://mirror.plusline.net/fedora/linux/releases/43/Everything/x86_64/os/repodata/repomd.xml
2025-12-06T14:11:22+0000 [22279] DEBUG [librepo]   rsync://mirror.plusline.net/fedora/linux/releases/43/Everything/x86_64/os/repodata/repomd.xml
2025-12-06T14:11:22+0000 [22279] DEBUG [librepo]   http://mirror.plusline.net/fedora/linux/releases/43/Everything/x86_64/os/repodata/repomd.xml
2025-12-06T14:11:22+0000 [22279] DEBUG [librepo]   http://mirror.dogado.de/fedora/linux/releases/43/Everything/x86_64/os/repodata/repomd.xml
2025-12-06T14:11:22+0000 [22279] DEBUG [librepo]   https://mirror.dogado.de/fedora/linux/releases/43/Everything/x86_64/os/repodata/repomd.xml
2025-12-06T14:11:22+0000 [22279] DEBUG [librepo]   rsync://mirror.dogado.de/fedora/linux/releases/43/Everything/x86_64/os/repodata/repomd.xml
2025-12-06T14:11:22+0000 [22279] DEBUG [librepo]   rsync://mirrors.dotsrc.org/fedora-enchilada/linux/releases/43/Everything/x86_64/os/repodata/repomd.xml
2025-12-06T14:11:22+0000 [22279] DEBUG [librepo]   http://mirrors.dotsrc.org/fedora-enchilada/linux/releases/43/Everything/x86_64/os/repodata/repomd.xml
2025-12-06T14:11:22+0000 [22279] DEBUG [librepo]   https://mirrors.dotsrc.org/fedora-enchilada/linux/releases/43/Everything/x86_64/os/repodata/repomd.xml
2025-12-06T14:11:22+0000 [22279] DEBUG [librepo]   rsync://mirror.netsite.dk/fedora/releases/43/Everything/x86_64/os/repodata/repomd.xml
2025-12-06T14:11:22+0000 [22279] DEBUG [librepo]   https://mirror.netsite.dk/fedora/linux/releases/43/Everything/x86_64/os/repodata/repomd.xml
2025-12-06T14:11:22+0000 [22279] DEBUG [librepo]   http://mirror.netsite.dk/fedora/linux/releases/43/Everything/x86_64/os/repodata/repomd.xml
2025-12-06T14:11:22+0000 [22279] DEBUG [librepo]   https://mirrors.nxthost.com/fedora/releases/43/Everything/x86_64/os/repodata/repomd.xml
2025-12-06T14:11:22+0000 [22279] DEBUG [librepo]   http://mirrors.nxthost.com/fedora/releases/43/Everything/x86_64/os/repodata/repomd.xml
2025-12-06T14:11:22+0000 [22279] DEBUG [librepo]   rsync://mirrors.nxthost.com/fedora/releases/43/Everything/x86_64/os/repodata/repomd.xml
2025-12-06T14:11:22+0000 [22279] DEBUG [librepo]   https://ftp.lysator.liu.se/pub/fedora/linux/releases/43/Everything/x86_64/os/repodata/repomd.xml
2025-12-06T14:11:22+0000 [22279] DEBUG [librepo]   http://ftp.lysator.liu.se/pub/fedora/linux/releases/43/Everything/x86_64/os/repodata/repomd.xml
2025-12-06T14:11:22+0000 [22279] DEBUG [librepo]   rsync://ftp.lysator.liu.se/pub/fedora/linux/releases/43/Everything/x86_64/os/repodata/repomd.xml
2025-12-06T14:11:22+0000 [22279] DEBUG [librepo]   rsync://mirror.karneval.cz/fedora/linux/releases/43/Everything/x86_64/os/repodata/repomd.xml
2025-12-06T14:11:22+0000 [22279] DEBUG [librepo]   https://mirror.karneval.cz/pub/linux/fedora/linux/releases/43/Everything/x86_64/os/repodata/repomd.xml
2025-12-06T14:11:22+0000 [22279] DEBUG [librepo]   http://mirror.slu.cz/fedora/linux/releases/43/Everything/x86_64/os/repodata/repomd.xml
2025-12-06T14:11:22+0000 [22279] DEBUG [librepo]   rsync://mirror.slu.cz/fedora/linux/releases/43/Everything/x86_64/os/repodata/repomd.xml
2025-12-06T14:11:22+0000 [22279] DEBUG [librepo]   https://mirror.slu.cz/fedora/linux/releases/43/Everything/x86_64/os/repodata/repomd.xml
2025-12-06T14:11:22+0000 [22279] DEBUG [librepo]   rsync://fedora.tu-chemnitz.de/ftp/pub/linux/fedora/linux/releases/43/Everything/x86_64/os/repodata/repomd.xml
2025-12-06T14:11:22+0000 [22279] DEBUG [librepo]   http://fedora.tu-chemnitz.de/pub/linux/fedora/linux/releases/43/Everything/x86_64/os/repodata/repomd.xml
2025-12-06T14:11:22+0000 [22279] DEBUG [librepo]   https://mirrors.xtom.ee/fedora/releases/43/Everything/x86_64/os/repodata/repomd.xml
2025-12-06T14:11:22+0000 [22279] DEBUG [librepo]   rsync://mirrors.xtom.ee/fedora/releases/43/Everything/x86_64/os/repodata/repomd.xml
2025-12-06T14:11:22+0000 [22279] DEBUG [librepo]   http://mirrors.xtom.ee/fedora/releases/43/Everything/x86_64/os/repodata/repomd.xml
2025-12-06T14:11:22+0000 [22279] DEBUG [librepo]   rsync://ftp.uni-stuttgart.de/fedora/releases/43/Everything/x86_64/os/repodata/repomd.xml
2025-12-06T14:11:22+0000 [22279] DEBUG [librepo]   https://ftp.uni-stuttgart.de/fedora/releases/43/Everything/x86_64/os/repodata/repomd.xml
2025-12-06T14:11:22+0000 [22279] DEBUG [librepo]   http://ftp.uni-stuttgart.de/fedora/releases/43/Everything/x86_64/os/repodata/repomd.xml
2025-12-06T14:11:22+0000 [22279] DEBUG [librepo]   rsync://mirror.nl.leaseweb.net/fedora/linux/releases/43/Everything/x86_64/os/repodata/repomd.xml
2025-12-06T14:11:22+0000 [22279] DEBUG [librepo]   http://mirror.nl.leaseweb.net/fedora/linux/releases/43/Everything/x86_64/os/repodata/repomd.xml
2025-12-06T14:11:22+0000 [22279] DEBUG [librepo]   http://fedora.ipacct.com/fedora/linux/releases/43/Everything/x86_64/os/repodata/repomd.xml
2025-12-06T14:11:22+0000 [22279] DEBUG [librepo]   https://fedora.ipacct.com/fedora/linux/releases/43/Everything/x86_64/os/repodata/repomd.xml
2025-12-06T14:11:22+0000 [22279] DEBUG [librepo]   rsync://fedora.ipacct.com/fedora/linux/releases/43/Everything/x86_64/os/repodata/repomd.xml
2025-12-06T14:11:22+0000 [22279] DEBUG [librepo]   https://fedora.mirrorservice.org/fedora/linux/releases/43/Everything/x86_64/os/repodata/repomd.xml
2025-12-06T14:11:22+0000 [22279] DEBUG [librepo]   http://fedora.mirrorservice.org/fedora/linux/releases/43/Everything/x86_64/os/repodata/repomd.xml
2025-12-06T14:11:22+0000 [22279] DEBUG [librepo]   rsync://rsync.mirrorservice.org/dl.fedoraproject.org/pub/fedora/linux/releases/43/Everything/x86_64/os/repodata/repomd.xml
2025-12-06T14:11:22+0000 [22279] DEBUG [librepo]   http://ftp.uni-bayreuth.de/linux/fedora/linux/releases/43/Everything/x86_64/os/repodata/repomd.xml
2025-12-06T14:11:22+0000 [22279] DEBUG [librepo]   rsync://rsync.uni-bayreuth.de/fedora-enchilada/linux/releases/43/Everything/x86_64/os/repodata/repomd.xml
2025-12-06T14:11:22+0000 [22279] DEBUG [librepo]   rsync://distrib-coffee.ipsl.jussieu.fr/pub/linux/fedora/linux/releases/43/Everything/x86_64/os/repodata/repomd.xml
2025-12-06T14:11:22+0000 [22279] DEBUG [librepo]   http://distrib-coffee.ipsl.jussieu.fr/pub/linux/fedora/linux/releases/43/Everything/x86_64/os/repodata/repomd.xml
2025-12-06T14:11:22+0000 [22279] DEBUG [librepo]   https://www.fedora.is/fedora/releases/43/Everything/x86_64/os/repodata/repomd.xml
2025-12-06T14:11:22+0000 [22279] DEBUG [librepo]   http://www.fedora.is/fedora/releases/43/Everything/x86_64/os/repodata/repomd.xml
2025-12-06T14:11:22+0000 [22279] DEBUG [librepo]   rsync://www.fedora.is/fedora/releases/43/Everything/x86_64/os/repodata/repomd.xml
2025-12-06T14:11:22+0000 [22279] DEBUG [librepo]   http://fedora.ip-connect.info/linux/releases/43/Everything/x86_64/os/repodata/repomd.xml
2025-12-06T14:11:22+0000 [22279] DEBUG [librepo]   https://fedora.ip-connect.info/linux/releases/43/Everything/x86_64/os/repodata/repomd.xml
2025-12-06T14:11:22+0000 [22279] DEBUG [librepo]   rsync://fedora.ip-connect.info/fedora/linux/releases/43/Everything/x86_64/os/repodata/repomd.xml
2025-12-06T14:11:22+0000 [22279] DEBUG [librepo]   http://mirror.23m.com/fedora/linux/releases/43/Everything/x86_64/os/repodata/repomd.xml
2025-12-06T14:11:22+0000 [22279] DEBUG [librepo]   https://mirror.23m.com/fedora/linux/releases/43/Everything/x86_64/os/repodata/repomd.xml
2025-12-06T14:11:22+0000 [22279] DEBUG [librepo]   rsync://mirror.23m.com/fedora/linux/releases/43/Everything/x86_64/os/repodata/repomd.xml
2025-12-06T14:11:22+0000 [22279] DEBUG [librepo]   http://mirror.telepoint.bg/fedora/releases/43/Everything/x86_64/os/repodata/repomd.xml
2025-12-06T14:11:22+0000 [22279] DEBUG [librepo]   rsync://mirror.telepoint.bg/fedora/releases/43/Everything/x86_64/os/repodata/repomd.xml
2025-12-06T14:11:22+0000 [22279] DEBUG [librepo]   https://mirror.telepoint.bg/fedora/releases/43/Everything/x86_64/os/repodata/repomd.xml
2025-12-06T14:11:22+0000 [22279] DEBUG [librepo]   http://ftp.sh.cvut.cz/fedora/linux/releases/43/Everything/x86_64/os/repodata/repomd.xml
2025-12-06T14:11:22+0000 [22279] DEBUG [librepo]   https://ftp.sh.cvut.cz/fedora/linux/releases/43/Everything/x86_64/os/repodata/repomd.xml
2025-12-06T14:11:22+0000 [22279] DEBUG [librepo]   rsync://ftp.sh.cvut.cz/fedora/linux/releases/43/Everything/x86_64/os/repodata/repomd.xml
2025-12-06T14:11:22+0000 [22279] DEBUG [librepo]   https://ask4.mm.fcix.net/fedora/linux/releases/43/Everything/x86_64/os/repodata/repomd.xml
2025-12-06T14:11:22+0000 [22279] DEBUG [librepo]   http://ask4.mm.fcix.net/fedora/linux/releases/43/Everything/x86_64/os/repodata/repomd.xml
2025-12-06T14:11:22+0000 [22279] DEBUG [librepo]   rsync://ask4.mm.fcix.net/fedora-enchilada/linux/releases/43/Everything/x86_64/os/repodata/repomd.xml
2025-12-06T14:11:22+0000 [22279] DEBUG [librepo]   http://mirror.bahnhof.net/pub/fedora/linux/releases/43/Everything/x86_64/os/repodata/repomd.xml
2025-12-06T14:11:22+0000 [22279] DEBUG [librepo]   https://mirror.bahnhof.net/pub/fedora/linux/releases/43/Everything/x86_64/os/repodata/repomd.xml
2025-12-06T14:11:22+0000 [22279] DEBUG [librepo]   http://mirror.accum.se/mirror/fedora/linux/releases/43/Everything/x86_64/os/repodata/repomd.xml
2025-12-06T14:11:22+0000 [22279] DEBUG [librepo]   rsync://mirror.accum.se/mirror/fedora/linux/releases/43/Everything/x86_64/os/repodata/repomd.xml
2025-12-06T14:11:22+0000 [22279] DEBUG [librepo]   https://mirror.accum.se/mirror/fedora/linux/releases/43/Everything/x86_64/os/repodata/repomd.xml
2025-12-06T14:11:22+0000 [22279] DEBUG [librepo]   https://fedora.ip-connect.vn.ua/linux/releases/43/Everything/x86_64/os/repodata/repomd.xml
2025-12-06T14:11:22+0000 [22279] DEBUG [librepo]   rsync://fedora.ip-connect.vn.ua/fedora/linux/releases/43/Everything/x86_64/os/repodata/repomd.xml
2025-12-06T14:11:22+0000 [22279] DEBUG [librepo]   http://fedora.ip-connect.vn.ua/linux/releases/43/Everything/x86_64/os/repodata/repomd.xml
2025-12-06T14:11:22+0000 [22279] DEBUG [librepo]   https://eu.edge.kernel.org/fedora/releases/43/Everything/x86_64/os/repodata/repomd.xml
2025-12-06T14:11:22+0000 [22279] DEBUG [librepo]   rsync://rsync.nic.funet.fi/ftp/pub/mirrors/fedora.redhat.com/pub/fedora/linux/releases/43/Everything/x86_64/os/repodata/repomd.xml
2025-12-06T14:11:22+0000 [22279] DEBUG [librepo]   http://www.nic.funet.fi/pub/mirrors/fedora.redhat.com/pub/fedora/linux/releases/43/Everything/x86_64/os/repodata/repomd.xml
2025-12-06T14:11:22+0000 [22279] DEBUG [librepo]   https://ftp-stud.hs-esslingen.de/pub/fedora/linux/releases/43/Everything/x86_64/os/repodata/repomd.xml
2025-12-06T14:11:22+0000 [22279] DEBUG [librepo]   rsync://ftp-stud.hs-esslingen.de/fedora/linux/releases/43/Everything/x86_64/os/repodata/repomd.xml
2025-12-06T14:11:22+0000 [22279] DEBUG [librepo]   http://ftp-stud.hs-esslingen.de/pub/fedora/linux/releases/43/Everything/x86_64/os/repodata/repomd.xml
2025-12-06T14:11:22+0000 [22279] DEBUG [librepo]   http://ftp.cica.es/fedora/linux/releases/43/Everything/x86_64/os/repodata/repomd.xml
2025-12-06T14:11:22+0000 [22279] DEBUG [librepo]   rsync://rsync.cica.es/fedora-linux/releases/43/Everything/x86_64/os/repodata/repomd.xml
2025-12-06T14:11:22+0000 [22279] DEBUG [librepo]   rsync://mirror.de.leaseweb.net/fedora/releases/43/Everything/x86_64/os/repodata/repomd.xml
2025-12-06T14:11:22+0000 [22279] DEBUG [librepo]   http://mirror.de.leaseweb.net/fedora/linux/releases/43/Everything/x86_64/os/repodata/repomd.xml
2025-12-06T14:11:22+0000 [22279] DEBUG [librepo]   http://mirror.netzwerge.de/fedora/linux/releases/43/Everything/x86_64/os/repodata/repomd.xml
2025-12-06T14:11:22+0000 [22279] DEBUG [librepo]   https://mirror.netzwerge.de/fedora/linux/releases/43/Everything/x86_64/os/repodata/repomd.xml
2025-12-06T14:11:22+0000 [22279] DEBUG [librepo]   rsync://mirror.netzwerge.de/fedora/linux/releases/43/Everything/x86_64/os/repodata/repomd.xml
2025-12-06T14:11:22+0000 [22279] DEBUG [librepo]   http://fedora.mirror.liteserver.nl/linux/releases/43/Everything/x86_64/os/repodata/repomd.xml
2025-12-06T14:11:22+0000 [22279] DEBUG [librepo]   rsync://mirror.liteserver.nl/fedora/linux/releases/43/Everything/x86_64/os/repodata/repomd.xml
2025-12-06T14:11:22+0000 [22279] DEBUG [librepo]   https://fedora.mirror.liteserver.nl/linux/releases/43/Everything/x86_64/os/repodata/repomd.xml
2025-12-06T14:11:22+0000 [22279] DEBUG [librepo]   https://mirrors.xtom.de/fedora/releases/43/Everything/x86_64/os/repodata/repomd.xml
2025-12-06T14:11:22+0000 [22279] DEBUG [librepo]   http://mirrors.xtom.de/fedora/releases/43/Everything/x86_64/os/repodata/repomd.xml
2025-12-06T14:11:22+0000 [22279] DEBUG [librepo]   rsync://mirrors.xtom.de/fedora/releases/43/Everything/x86_64/os/repodata/repomd.xml
2025-12-06T14:11:22+0000 [22279] DEBUG [librepo]   rsync://mirror.i3d.net/fedora/linux/releases/43/Everything/x86_64/os/repodata/repomd.xml
2025-12-06T14:11:22+0000 [22279] DEBUG [librepo]   https://mirror.i3d.net/pub/fedora/linux/releases/43/Everything/x86_64/os/repodata/repomd.xml
2025-12-06T14:11:22+0000 [22279] DEBUG [librepo]   http://mirror.i3d.net/pub/fedora/linux/releases/43/Everything/x86_64/os/repodata/repomd.xml
2025-12-06T14:11:22+0000 [22279] DEBUG [librepo]   https://fr2.rpmfind.net/linux/fedora/linux/releases/43/Everything/x86_64/os/repodata/repomd.xml
2025-12-06T14:11:22+0000 [22279] DEBUG [librepo]   http://fr2.rpmfind.net/linux/fedora/linux/releases/43/Everything/x86_64/os/repodata/repomd.xml
2025-12-06T14:11:22+0000 [22279] DEBUG [librepo]   rsync://fr2.rpmfind.net/linux/fedora/linux/releases/43/Everything/x86_64/os/repodata/repomd.xml
2025-12-06T14:11:22+0000 [22279] DEBUG [librepo]   http://mirrors.chroot.ro/fedora/linux/releases/43/Everything/x86_64/os/repodata/repomd.xml
2025-12-06T14:11:22+0000 [22279] DEBUG [librepo]   https://mirror.init7.net/fedora/fedora/linux/releases/43/Everything/x86_64/os/repodata/repomd.xml
2025-12-06T14:11:22+0000 [22279] DEBUG [librepo]   http://mirror.init7.net/fedora/fedora/linux/releases/43/Everything/x86_64/os/repodata/repomd.xml
2025-12-06T14:11:22+0000 [22279] DEBUG [librepo]   rsync://ftp.cc.uoc.gr/fedora/linux/releases/43/Everything/x86_64/os/repodata/repomd.xml
2025-12-06T14:11:22+0000 [22279] DEBUG [librepo]   http://ftp.cc.uoc.gr/pub/linux/fedora/linux/releases/43/Everything/x86_64/os/repodata/repomd.xml
2025-12-06T14:11:22+0000 [22279] DEBUG [librepo]   https://ftp.cc.uoc.gr/pub/linux/fedora/linux/releases/43/Everything/x86_64/os/repodata/repomd.xml
2025-12-06T14:11:22+0000 [22279] DEBUG [librepo]   https://divergentnetworks.mm.fcix.net/fedora/linux/releases/43/Everything/x86_64/os/repodata/repomd.xml
2025-12-06T14:11:22+0000 [22279] DEBUG [librepo]   http://divergentnetworks.mm.fcix.net/fedora/linux/releases/43/Everything/x86_64/os/repodata/repomd.xml
2025-12-06T14:11:22+0000 [22279] DEBUG [librepo]   rsync://divergentnetworks.mm.fcix.net/fedora-enchilada/linux/releases/43/Everything/x86_64/os/repodata/repomd.xml
2025-12-06T14:11:22+0000 [22279] DEBUG [librepo]   https://mirror.imt-systems.com/fedora/linux/releases/43/Everything/x86_64/os/repodata/repomd.xml
2025-12-06T14:11:22+0000 [22279] DEBUG [librepo]   rsync://mirror.imt-systems.com/fedora/linux/releases/43/Everything/x86_64/os/repodata/repomd.xml
2025-12-06T14:11:22+0000 [22279] DEBUG [librepo]   http://mirror.imt-systems.com/fedora/linux/releases/43/Everything/x86_64/os/repodata/repomd.xml
2025-12-06T14:11:22+0000 [22279] DEBUG [librepo]   rsync://fedora-mirror02.rbc.ru/fedora-enchilada/releases/43/Everything/x86_64/os/repodata/repomd.xml
2025-12-06T14:11:22+0000 [22279] DEBUG [librepo]   http://fedora-mirror02.rbc.ru/pub/fedora/linux/releases/43/Everything/x86_64/os/repodata/repomd.xml
2025-12-06T14:11:22+0000 [22279] DEBUG [librepo]   https://mirror.szerverem.hu/fedora/linux/releases/43/Everything/x86_64/os/repodata/repomd.xml
2025-12-06T14:11:22+0000 [22279] DEBUG [librepo]   http://mirror.szerverem.hu/fedora/linux/releases/43/Everything/x86_64/os/repodata/repomd.xml
2025-12-06T14:11:22+0000 [22279] DEBUG [librepo]   https://ftp.upjs.sk/pub/fedora/linux/releases/43/Everything/x86_64/os/repodata/repomd.xml
2025-12-06T14:11:22+0000 [22279] DEBUG [librepo]   http://ftp.upjs.sk/pub/fedora/linux/releases/43/Everything/x86_64/os/repodata/repomd.xml
2025-12-06T14:11:22+0000 [22279] DEBUG [librepo]   rsync://ftp.upjs.sk/pub/fedora/linux/releases/43/Everything/x86_64/os/repodata/repomd.xml
2025-12-06T14:11:22+0000 [22279] DEBUG [librepo]   http://ftp.tudelft.nl/download.fedora.redhat.com/linux/releases/43/Everything/x86_64/os/repodata/repomd.xml
2025-12-06T14:11:22+0000 [22279] DEBUG [librepo]   http://creeperhost.mm.fcix.net/fedora/linux/releases/43/Everything/x86_64/os/repodata/repomd.xml
2025-12-06T14:11:22+0000 [22279] DEBUG [librepo]   https://creeperhost.mm.fcix.net/fedora/linux/releases/43/Everything/x86_64/os/repodata/repomd.xml
2025-12-06T14:11:22+0000 [22279] DEBUG [librepo]   rsync://creeperhost.mm.fcix.net/fedora-enchilada/linux/releases/43/Everything/x86_64/os/repodata/repomd.xml
2025-12-06T14:11:22+0000 [22279] DEBUG [librepo]   http://mirrors.ircam.fr/pub/fedora/linux/releases/43/Everything/x86_64/os/repodata/repomd.xml
2025-12-06T14:11:22+0000 [22279] DEBUG [librepo]   rsync://mirrors.ircam.fr/fedora-linux/releases/43/Everything/x86_64/os/repodata/repomd.xml
2025-12-06T14:11:22+0000 [22279] DEBUG [librepo]   https://mirrors.ircam.fr/pub/fedora/linux/releases/43/Everything/x86_64/os/repodata/repomd.xml
2025-12-06T14:11:22+0000 [22279] DEBUG [librepo]   https://mirrors.n-ix.net/fedora/linux/releases/43/Everything/x86_64/os/repodata/repomd.xml
2025-12-06T14:11:22+0000 [22279] DEBUG [librepo]   rsync://mirrors.n-ix.net/fedora/releases/43/Everything/x86_64/os/repodata/repomd.xml
2025-12-06T14:11:22+0000 [22279] DEBUG [librepo]   http://mirrors.n-ix.net/fedora/linux/releases/43/Everything/x86_64/os/repodata/repomd.xml
2025-12-06T14:11:22+0000 [22279] DEBUG [librepo]   https://b4sh.mm.fcix.net/fedora/linux/releases/43/Everything/x86_64/os/repodata/repomd.xml
2025-12-06T14:11:22+0000 [22279] DEBUG [librepo]   http://b4sh.mm.fcix.net/fedora/linux/releases/43/Everything/x86_64/os/repodata/repomd.xml
2025-12-06T14:11:22+0000 [22279] DEBUG [librepo]   rsync://b4sh.mm.fcix.net/fedora-enchilada/linux/releases/43/Everything/x86_64/os/repodata/repomd.xml
2025-12-06T14:11:22+0000 [22279] DEBUG [librepo]   https://mirror.maeen.sa/fedora/releases/43/Everything/x86_64/os/repodata/repomd.xml
2025-12-06T14:11:22+0000 [22279] DEBUG [librepo]   http://mirror.maeen.sa/fedora/releases/43/Everything/x86_64/os/repodata/repomd.xml
2025-12-06T14:11:22+0000 [22279] DEBUG [librepo]   rsync://mirror.maeen.sa/fedora/releases/43/Everything/x86_64/os/repodata/repomd.xml
2025-12-06T14:11:22+0000 [22279] DEBUG [librepo]   http://mirror.etf.bg.ac.rs/fedora/releases/43/Everything/x86_64/os/repodata/repomd.xml
2025-12-06T14:11:22+0000 [22279] DEBUG [librepo]   http://ftp.otenet.gr/linux/fedora/linux/releases/43/Everything/x86_64/os/repodata/repomd.xml
2025-12-06T14:11:22+0000 [22279] DEBUG [librepo] lr_handle_prepare_metalink: Metalink parsed
2025-12-06T14:11:22+0000 [22279] DEBUG [librepo] lr_handle_prepare_internal_mirrorlist: Finalizing internal mirrorlist
2025-12-06T14:11:22+0000 [22279] DEBUG [librepo] lr_handle_prepare_internal_mirrorlist: Finalizing mirrors reported via LRI_MIRRORS
2025-12-06T14:11:22+0000 [22279] DEBUG [librepo] lr_handle_perform: Downloading/Locating yum repo
2025-12-06T14:11:22+0000 [22279] DEBUG [librepo] lr_yum_use_local: Locating repo..
2025-12-06T14:11:22+0000 [22279] DEBUG [librepo] lr_yum_use_local_load_base: Found local metalink: /home/stoqz/.cache/libdnf5/fedora-fe4b228be7d3c150/metalink.xml
2025-12-06T14:11:22+0000 [22279] DEBUG [librepo] lr_yum_use_local_load_base: Parsing repomd.xml
2025-12-06T14:11:22+0000 [22279] DEBUG [librepo] lr_yum_use_local_load_base: Repomd revision: 1761190640
2025-12-06T14:11:22+0000 [22279] DEBUG [librepo] Found primary_zck so using instead of primary
2025-12-06T14:11:22+0000 [22279] DEBUG [librepo] lr_yum_use_local: Repository was successfully located
2025-12-06T14:11:22+0000 [22279] DEBUG [librepo] lr_yum_check_checksum_of_md_record: Checking checksum of /home/stoqz/.cache/libdnf5/fedora-fe4b228be7d3c150/repodata/affb4c277d7a0a05ec39e29c3207de63fe207adf97143e88c61bccc0e2a0135b-primary.xml.zck (expected: 733fbeb51978aaf572b8c53c8c4d6c7e8535009c062749d2134f78b745149a7c [sha256])
2025-12-06T14:11:22+0000 [22279] DEBUG [librepo] lr_yum_check_checksum_of_md_record: Checksum check - Passed
2025-12-06T14:11:22+0000 [22279] DEBUG [librepo] lr_yum_check_checksum_of_md_record: Checking checksum of /home/stoqz/.cache/libdnf5/fedora-fe4b228be7d3c150/repodata/73a6103e51d00abd1abd50eb54f98a07b398a86972555b532af6acdb98565c3d-comps-Everything.x86_64.xml.zst (expected: 73a6103e51d00abd1abd50eb54f98a07b398a86972555b532af6acdb98565c3d [sha256])
2025-12-06T14:11:22+0000 [22279] DEBUG [librepo] lr_yum_check_checksum_of_md_record: Checksum check - Passed
2025-12-06T14:11:22+0000 [22279] DEBUG [librepo] lr_handle_perform: Restoring an old SIGINT handler
2025-12-06T14:11:22+0000 [22279] DEBUG Using cache for repo "fedora"
2025-12-06T14:11:22+0000 [22279] DEBUG [librepo] lr_handle_perform: Using dir: /home/stoqz/.cache/libdnf5/rpmfusion-nonfree-nvidia-driver-229b21c450ce21a2
2025-12-06T14:11:22+0000 [22279] DEBUG [librepo] lr_handle_perform: Using own SIGINT handler
2025-12-06T14:11:22+0000 [22279] DEBUG [librepo] lr_handle_prepare_internal_mirrorlist: Preparing internal mirrorlist
2025-12-06T14:11:22+0000 [22279] DEBUG [librepo] lr_handle_prepare_metalink: Local metalink.xml found at /home/stoqz/.cache/libdnf5/rpmfusion-nonfree-nvidia-driver-229b21c450ce21a2/metalink.xml
2025-12-06T14:11:22+0000 [22279] DEBUG [librepo] lr_handle_prepare_metalink: Parsing metalink.xml
2025-12-06T14:11:22+0000 [22279] DEBUG [librepo] lr_handle_prepare_metalink: Mirrors from metalink:
2025-12-06T14:11:22+0000 [22279] DEBUG [librepo]   http://rpmfusion.ip-connect.vn.ua/nonfree/fedora/nvidia-driver/43/x86_64/repodata/repomd.xml
2025-12-06T14:11:22+0000 [22279] DEBUG [librepo]   rsync://rpmfusion.ip-connect.vn.ua/rpmfusion/nonfree/fedora/nvidia-driver/43/x86_64/repodata/repomd.xml
2025-12-06T14:11:22+0000 [22279] DEBUG [librepo]   http://fedora.tu-chemnitz.de/pub/linux/rpmfusion/nonfree/fedora/nvidia-driver/43/x86_64/repodata/repomd.xml
2025-12-06T14:11:22+0000 [22279] DEBUG [librepo]   ftp://mirrors.netix.net/rpmfusion/nonfree/fedora/nvidia-driver/43/x86_64/repodata/repomd.xml
2025-12-06T14:11:22+0000 [22279] DEBUG [librepo]   http://mirrors.netix.net/rpmfusion/nonfree/fedora/nvidia-driver/43/x86_64/repodata/repomd.xml
2025-12-06T14:11:22+0000 [22279] DEBUG [librepo]   rsync://mirrors.netix.net/rpmfusion/nonfree/fedora/nvidia-driver/43/x86_64/repodata/repomd.xml
2025-12-06T14:11:22+0000 [22279] DEBUG [librepo]   https://mirrors.netix.net/rpmfusion/nonfree/fedora/nvidia-driver/43/x86_64/repodata/repomd.xml
2025-12-06T14:11:22+0000 [22279] DEBUG [librepo]   rsync://rpmfusion.ip-connect.info/rpmfusion/nonfree/fedora/nvidia-driver/43/x86_64/repodata/repomd.xml
2025-12-06T14:11:22+0000 [22279] DEBUG [librepo]   https://rpmfusion.ip-connect.info/nonfree/fedora/nvidia-driver/43/x86_64/repodata/repomd.xml
2025-12-06T14:11:22+0000 [22279] DEBUG [librepo]   http://rpmfusion.ip-connect.info/nonfree/fedora/nvidia-driver/43/x86_64/repodata/repomd.xml
2025-12-06T14:11:22+0000 [22279] DEBUG [librepo]   http://ftp.icm.edu.pl/pub/Linux/dist/rpmfusion/nonfree/fedora/nvidia-driver/43/x86_64/repodata/repomd.xml
2025-12-06T14:11:22+0000 [22279] DEBUG [librepo]   https://ftp.icm.edu.pl/pub/Linux/dist/rpmfusion/nonfree/fedora/nvidia-driver/43/x86_64/repodata/repomd.xml
2025-12-06T14:11:22+0000 [22279] DEBUG [librepo]   rsync://ftp.icm.edu.pl/pub/Linux/dist/rpmfusion/nonfree/fedora/nvidia-driver/43/x86_64/repodata/repomd.xml
2025-12-06T14:11:22+0000 [22279] DEBUG [librepo]   http://mirrors.neterra.net/rpmfusion/nonfree/fedora/nvidia-driver/43/x86_64/repodata/repomd.xml
2025-12-06T14:11:22+0000 [22279] DEBUG [librepo]   rsync://mirrors.neterra.net/rpmfusion/nonfree/fedora/nvidia-driver/43/x86_64/repodata/repomd.xml
2025-12-06T14:11:22+0000 [22279] DEBUG [librepo]   https://mirrors.neterra.net/rpmfusion/nonfree/fedora/nvidia-driver/43/x86_64/repodata/repomd.xml
2025-12-06T14:11:22+0000 [22279] DEBUG [librepo]   ftp://mirrors.neterra.net/rpmfusion/nonfree/fedora/nvidia-driver/43/x86_64/repodata/repomd.xml
2025-12-06T14:11:22+0000 [22279] DEBUG [librepo]   http://mirror.de.leaseweb.net/rpmfusion/nonfree/fedora/nvidia-driver/43/x86_64/repodata/repomd.xml
2025-12-06T14:11:22+0000 [22279] DEBUG [librepo]   http://mirror.nl.leaseweb.net/rpmfusion/nonfree/fedora/nvidia-driver/43/x86_64/repodata/repomd.xml
2025-12-06T14:11:22+0000 [22279] DEBUG [librepo]   http://ftp-stud.hs-esslingen.de/pub/Mirrors/rpmfusion.org/nonfree/fedora/nvidia-driver/43/x86_64/repodata/repomd.xml
2025-12-06T14:11:22+0000 [22279] DEBUG [librepo]   rsync://mirror1.hs-esslingen.de/rpmfusion/nonfree/fedora/nvidia-driver/43/x86_64/repodata/repomd.xml
2025-12-06T14:11:22+0000 [22279] DEBUG [librepo]   https://ftp-stud.hs-esslingen.de/pub/Mirrors/rpmfusion.org/nonfree/fedora/nvidia-driver/43/x86_64/repodata/repomd.xml
2025-12-06T14:11:22+0000 [22279] DEBUG [librepo]   https://ftp.fi.muni.cz/pub/linux/rpmfusion/nonfree/fedora/nvidia-driver/43/x86_64/repodata/repomd.xml
2025-12-06T14:11:22+0000 [22279] DEBUG [librepo]   rsync://ftp.fi.muni.cz/pub/linux/rpmfusion/nonfree/fedora/nvidia-driver/43/x86_64/repodata/repomd.xml
2025-12-06T14:11:22+0000 [22279] DEBUG [librepo]   http://ftp.fi.muni.cz/pub/linux/rpmfusion/nonfree/fedora/nvidia-driver/43/x86_64/repodata/repomd.xml
2025-12-06T14:11:22+0000 [22279] DEBUG [librepo]   rsync://mirror.netsite.dk/rpmfusion/nonfree/fedora/nvidia-driver/43/x86_64/repodata/repomd.xml
2025-12-06T14:11:22+0000 [22279] DEBUG [librepo]   https://mirror.netsite.dk/rpmfusion/nonfree/fedora/nvidia-driver/43/x86_64/repodata/repomd.xml
2025-12-06T14:11:22+0000 [22279] DEBUG [librepo]   http://mirror.netsite.dk/rpmfusion/nonfree/fedora/nvidia-driver/43/x86_64/repodata/repomd.xml
2025-12-06T14:11:22+0000 [22279] DEBUG [librepo]   http://mirror.yandex.ru/fedora/rpmfusion/nonfree/fedora/nvidia-driver/43/x86_64/repodata/repomd.xml
2025-12-06T14:11:22+0000 [22279] DEBUG [librepo]   rsync://mirror.yandex.ru/fedora/rpmfusion/nonfree/fedora/nvidia-driver/43/x86_64/repodata/repomd.xml
2025-12-06T14:11:22+0000 [22279] DEBUG [librepo]   http://www.mirrorservice.org/sites/download1.rpmfusion.org/nonfree/fedora/nvidia-driver/43/x86_64/repodata/repomd.xml
2025-12-06T14:11:22+0000 [22279] DEBUG [librepo]   rsync://rsync.mirrorservice.org/download1.rpmfusion.org/nonfree/fedora/nvidia-driver/43/x86_64/repodata/repomd.xml
2025-12-06T14:11:22+0000 [22279] DEBUG [librepo]   http://ftp.nluug.nl/os/Linux/distr/rpmfusion/nonfree/fedora/nvidia-driver/43/x86_64/repodata/repomd.xml
2025-12-06T14:11:22+0000 [22279] DEBUG [librepo]   http://download1.rpmfusion.org/nonfree/fedora/nvidia-driver/43/x86_64/repodata/repomd.xml
2025-12-06T14:11:22+0000 [22279] DEBUG [librepo]   rsync://download1.rpmfusion.org/rpmfusion/nonfree/fedora/nvidia-driver/43/x86_64/repodata/repomd.xml
2025-12-06T14:11:22+0000 [22279] DEBUG [librepo]   https://download1.rpmfusion.org/nonfree/fedora/nvidia-driver/43/x86_64/repodata/repomd.xml
2025-12-06T14:11:22+0000 [22279] DEBUG [librepo]   http://mir01.syntis.net/rpmfusion/nonfree/fedora/nvidia-driver/43/x86_64/repodata/repomd.xml
2025-12-06T14:11:22+0000 [22279] DEBUG [librepo]   http://fr2.rpmfind.net/linux/rpmfusion/nonfree/fedora/nvidia-driver/43/x86_64/repodata/repomd.xml
2025-12-06T14:11:22+0000 [22279] DEBUG [librepo]   rsync://fr2.rpmfind.net/linux/rpmfusion/nonfree/fedora/nvidia-driver/43/x86_64/repodata/repomd.xml
2025-12-06T14:11:22+0000 [22279] DEBUG [librepo]   http://mirrors.coreix.net/rpmfusion/nonfree/fedora/nvidia-driver/43/x86_64/repodata/repomd.xml
2025-12-06T14:11:22+0000 [22279] DEBUG [librepo]   http://ftp.cc.uoc.gr/mirrors/rpmfusion/nonfree/fedora/nvidia-driver/43/x86_64/repodata/repomd.xml
2025-12-06T14:11:22+0000 [22279] DEBUG [librepo]   rsync://ftp.cc.uoc.gr/rpmfusion/nonfree/fedora/nvidia-driver/43/x86_64/repodata/repomd.xml
2025-12-06T14:11:22+0000 [22279] DEBUG [librepo]   https://ftp.cc.uoc.gr/mirrors/rpmfusion/nonfree/fedora/nvidia-driver/43/x86_64/repodata/repomd.xml
2025-12-06T14:11:22+0000 [22279] DEBUG [librepo]   http://www.fedora.is/rpmfusion/nonfree/fedora/nvidia-driver/43/x86_64/repodata/repomd.xml
2025-12-06T14:11:22+0000 [22279] DEBUG [librepo]   rsync://rsync.fedora.is/rpmfusion/nonfree/fedora/nvidia-driver/43/x86_64/repodata/repomd.xml
2025-12-06T14:11:22+0000 [22279] DEBUG [librepo]   http://ftp.upjs.sk/pub/mirrors/rpmfusion.org/nonfree/fedora/nvidia-driver/43/x86_64/repodata/repomd.xml
2025-12-06T14:11:22+0000 [22279] DEBUG [librepo] lr_handle_prepare_metalink: Metalink parsed
2025-12-06T14:11:22+0000 [22279] DEBUG [librepo] lr_handle_prepare_internal_mirrorlist: Finalizing internal mirrorlist
2025-12-06T14:11:22+0000 [22279] DEBUG [librepo] lr_handle_prepare_internal_mirrorlist: Finalizing mirrors reported via LRI_MIRRORS
2025-12-06T14:11:22+0000 [22279] DEBUG [librepo] lr_handle_perform: Downloading/Locating yum repo
2025-12-06T14:11:22+0000 [22279] DEBUG [librepo] lr_yum_use_local: Locating repo..
2025-12-06T14:11:22+0000 [22279] DEBUG [librepo] lr_yum_use_local_load_base: Found local metalink: /home/stoqz/.cache/libdnf5/rpmfusion-nonfree-nvidia-driver-229b21c450ce21a2/metalink.xml
2025-12-06T14:11:22+0000 [22279] DEBUG [librepo] lr_yum_use_local_load_base: Parsing repomd.xml
2025-12-06T14:11:22+0000 [22279] DEBUG [librepo] lr_yum_use_local_load_base: Repomd revision: 1763047605
2025-12-06T14:11:22+0000 [22279] DEBUG [librepo] lr_yum_use_local: Repository was successfully located
2025-12-06T14:11:22+0000 [22279] DEBUG [librepo] lr_yum_check_checksum_of_md_record: Checking checksum of /home/stoqz/.cache/libdnf5/rpmfusion-nonfree-nvidia-driver-229b21c450ce21a2/repodata/2120c5f4f415bf6499dfb2007ed9c9e51bf98c9dd2675a0f27d5ff66c6a4b2b5-primary.xml.gz (expected: 2120c5f4f415bf6499dfb2007ed9c9e51bf98c9dd2675a0f27d5ff66c6a4b2b5 [sha256])
2025-12-06T14:11:22+0000 [22279] DEBUG [librepo] lr_checksum_fd_compare: Using mtime cached in xattr: [user.librepo.checksum.mtime] 1764885343090007295
2025-12-06T14:11:22+0000 [22279] DEBUG [librepo] lr_checksum_fd_compare: Using checksum cached in xattr: [user.librepo.checksum.sha256] 2120c5f4f415bf6499dfb2007ed9c9e51bf98c9dd2675a0f27d5ff66c6a4b2b5
2025-12-06T14:11:22+0000 [22279] DEBUG [librepo] lr_yum_check_checksum_of_md_record: Checksum check - Passed
2025-12-06T14:11:22+0000 [22279] DEBUG [librepo] lr_handle_perform: Restoring an old SIGINT handler
2025-12-06T14:11:22+0000 [22279] DEBUG Using cache for repo "rpmfusion-nonfree-nvidia-driver"
2025-12-06T14:11:22+0000 [22279] DEBUG [librepo] lr_handle_perform: Using dir: /home/stoqz/.cache/libdnf5/rpmfusion-nonfree-steam-bf09e6e26d6981b9
2025-12-06T14:11:22+0000 [22279] DEBUG [librepo] lr_handle_perform: Using own SIGINT handler
2025-12-06T14:11:22+0000 [22279] DEBUG [librepo] lr_handle_prepare_internal_mirrorlist: Preparing internal mirrorlist
2025-12-06T14:11:22+0000 [22279] DEBUG [librepo] lr_handle_prepare_metalink: Local metalink.xml found at /home/stoqz/.cache/libdnf5/rpmfusion-nonfree-steam-bf09e6e26d6981b9/metalink.xml
2025-12-06T14:11:22+0000 [22279] DEBUG [librepo] lr_handle_prepare_metalink: Parsing metalink.xml
2025-12-06T14:11:22+0000 [22279] DEBUG [librepo] lr_handle_prepare_metalink: Mirrors from metalink:
2025-12-06T14:11:22+0000 [22279] DEBUG [librepo]   rsync://mirror.netsite.dk/rpmfusion/nonfree/fedora/steam/43/x86_64/repodata/repomd.xml
2025-12-06T14:11:22+0000 [22279] DEBUG [librepo]   https://mirror.netsite.dk/rpmfusion/nonfree/fedora/steam/43/x86_64/repodata/repomd.xml
2025-12-06T14:11:22+0000 [22279] DEBUG [librepo]   http://mirror.netsite.dk/rpmfusion/nonfree/fedora/steam/43/x86_64/repodata/repomd.xml
2025-12-06T14:11:22+0000 [22279] DEBUG [librepo]   rsync://rpmfusion.ip-connect.info/rpmfusion/nonfree/fedora/steam/43/x86_64/repodata/repomd.xml
2025-12-06T14:11:22+0000 [22279] DEBUG [librepo]   https://rpmfusion.ip-connect.info/nonfree/fedora/steam/43/x86_64/repodata/repomd.xml
2025-12-06T14:11:22+0000 [22279] DEBUG [librepo]   http://rpmfusion.ip-connect.info/nonfree/fedora/steam/43/x86_64/repodata/repomd.xml
2025-12-06T14:11:22+0000 [22279] DEBUG [librepo]   http://fr2.rpmfind.net/linux/rpmfusion/nonfree/fedora/steam/43/x86_64/repodata/repomd.xml
2025-12-06T14:11:22+0000 [22279] DEBUG [librepo]   rsync://fr2.rpmfind.net/linux/rpmfusion/nonfree/fedora/steam/43/x86_64/repodata/repomd.xml
2025-12-06T14:11:22+0000 [22279] DEBUG [librepo]   http://ftp.icm.edu.pl/pub/Linux/dist/rpmfusion/nonfree/fedora/steam/43/x86_64/repodata/repomd.xml
2025-12-06T14:11:22+0000 [22279] DEBUG [librepo]   https://ftp.icm.edu.pl/pub/Linux/dist/rpmfusion/nonfree/fedora/steam/43/x86_64/repodata/repomd.xml
2025-12-06T14:11:22+0000 [22279] DEBUG [librepo]   rsync://ftp.icm.edu.pl/pub/Linux/dist/rpmfusion/nonfree/fedora/steam/43/x86_64/repodata/repomd.xml
2025-12-06T14:11:22+0000 [22279] DEBUG [librepo]   http://mirrors.neterra.net/rpmfusion/nonfree/fedora/steam/43/x86_64/repodata/repomd.xml
2025-12-06T14:11:22+0000 [22279] DEBUG [librepo]   rsync://mirrors.neterra.net/rpmfusion/nonfree/fedora/steam/43/x86_64/repodata/repomd.xml
2025-12-06T14:11:22+0000 [22279] DEBUG [librepo]   https://mirrors.neterra.net/rpmfusion/nonfree/fedora/steam/43/x86_64/repodata/repomd.xml
2025-12-06T14:11:22+0000 [22279] DEBUG [librepo]   ftp://mirrors.neterra.net/rpmfusion/nonfree/fedora/steam/43/x86_64/repodata/repomd.xml
2025-12-06T14:11:22+0000 [22279] DEBUG [librepo]   http://www.mirrorservice.org/sites/download1.rpmfusion.org/nonfree/fedora/steam/43/x86_64/repodata/repomd.xml
2025-12-06T14:11:22+0000 [22279] DEBUG [librepo]   rsync://rsync.mirrorservice.org/download1.rpmfusion.org/nonfree/fedora/steam/43/x86_64/repodata/repomd.xml
2025-12-06T14:11:22+0000 [22279] DEBUG [librepo]   https://ftp.fi.muni.cz/pub/linux/rpmfusion/nonfree/fedora/steam/43/x86_64/repodata/repomd.xml
2025-12-06T14:11:22+0000 [22279] DEBUG [librepo]   rsync://ftp.fi.muni.cz/pub/linux/rpmfusion/nonfree/fedora/steam/43/x86_64/repodata/repomd.xml
2025-12-06T14:11:22+0000 [22279] DEBUG [librepo]   http://ftp.fi.muni.cz/pub/linux/rpmfusion/nonfree/fedora/steam/43/x86_64/repodata/repomd.xml
2025-12-06T14:11:22+0000 [22279] DEBUG [librepo]   http://ftp.cc.uoc.gr/mirrors/rpmfusion/nonfree/fedora/steam/43/x86_64/repodata/repomd.xml
2025-12-06T14:11:22+0000 [22279] DEBUG [librepo]   rsync://ftp.cc.uoc.gr/rpmfusion/nonfree/fedora/steam/43/x86_64/repodata/repomd.xml
2025-12-06T14:11:22+0000 [22279] DEBUG [librepo]   https://ftp.cc.uoc.gr/mirrors/rpmfusion/nonfree/fedora/steam/43/x86_64/repodata/repomd.xml
2025-12-06T14:11:22+0000 [22279] DEBUG [librepo]   http://mirror.yandex.ru/fedora/rpmfusion/nonfree/fedora/steam/43/x86_64/repodata/repomd.xml
2025-12-06T14:11:22+0000 [22279] DEBUG [librepo]   rsync://mirror.yandex.ru/fedora/rpmfusion/nonfree/fedora/steam/43/x86_64/repodata/repomd.xml
2025-12-06T14:11:22+0000 [22279] DEBUG [librepo]   http://mirror.de.leaseweb.net/rpmfusion/nonfree/fedora/steam/43/x86_64/repodata/repomd.xml
2025-12-06T14:11:22+0000 [22279] DEBUG [librepo]   ftp://mirrors.netix.net/rpmfusion/nonfree/fedora/steam/43/x86_64/repodata/repomd.xml
2025-12-06T14:11:22+0000 [22279] DEBUG [librepo]   http://mirrors.netix.net/rpmfusion/nonfree/fedora/steam/43/x86_64/repodata/repomd.xml
2025-12-06T14:11:22+0000 [22279] DEBUG [librepo]   rsync://mirrors.netix.net/rpmfusion/nonfree/fedora/steam/43/x86_64/repodata/repomd.xml
2025-12-06T14:11:22+0000 [22279] DEBUG [librepo]   https://mirrors.netix.net/rpmfusion/nonfree/fedora/steam/43/x86_64/repodata/repomd.xml
2025-12-06T14:11:22+0000 [22279] DEBUG [librepo]   http://ftp-stud.hs-esslingen.de/pub/Mirrors/rpmfusion.org/nonfree/fedora/steam/43/x86_64/repodata/repomd.xml
2025-12-06T14:11:22+0000 [22279] DEBUG [librepo]   rsync://mirror1.hs-esslingen.de/rpmfusion/nonfree/fedora/steam/43/x86_64/repodata/repomd.xml
2025-12-06T14:11:22+0000 [22279] DEBUG [librepo]   https://ftp-stud.hs-esslingen.de/pub/Mirrors/rpmfusion.org/nonfree/fedora/steam/43/x86_64/repodata/repomd.xml
2025-12-06T14:11:22+0000 [22279] DEBUG [librepo]   http://rpmfusion.ip-connect.vn.ua/nonfree/fedora/steam/43/x86_64/repodata/repomd.xml
2025-12-06T14:11:22+0000 [22279] DEBUG [librepo]   rsync://rpmfusion.ip-connect.vn.ua/rpmfusion/nonfree/fedora/steam/43/x86_64/repodata/repomd.xml
2025-12-06T14:11:22+0000 [22279] DEBUG [librepo]   http://fedora.tu-chemnitz.de/pub/linux/rpmfusion/nonfree/fedora/steam/43/x86_64/repodata/repomd.xml
2025-12-06T14:11:22+0000 [22279] DEBUG [librepo]   http://mirror.nl.leaseweb.net/rpmfusion/nonfree/fedora/steam/43/x86_64/repodata/repomd.xml
2025-12-06T14:11:22+0000 [22279] DEBUG [librepo]   http://mirrors.coreix.net/rpmfusion/nonfree/fedora/steam/43/x86_64/repodata/repomd.xml
2025-12-06T14:11:22+0000 [22279] DEBUG [librepo]   http://ftp.nluug.nl/os/Linux/distr/rpmfusion/nonfree/fedora/steam/43/x86_64/repodata/repomd.xml
2025-12-06T14:11:22+0000 [22279] DEBUG [librepo]   http://www.fedora.is/rpmfusion/nonfree/fedora/steam/43/x86_64/repodata/repomd.xml
2025-12-06T14:11:22+0000 [22279] DEBUG [librepo]   rsync://rsync.fedora.is/rpmfusion/nonfree/fedora/steam/43/x86_64/repodata/repomd.xml
2025-12-06T14:11:22+0000 [22279] DEBUG [librepo]   http://download1.rpmfusion.org/nonfree/fedora/steam/43/x86_64/repodata/repomd.xml
2025-12-06T14:11:22+0000 [22279] DEBUG [librepo]   rsync://download1.rpmfusion.org/rpmfusion/nonfree/fedora/steam/43/x86_64/repodata/repomd.xml
2025-12-06T14:11:22+0000 [22279] DEBUG [librepo]   https://download1.rpmfusion.org/nonfree/fedora/steam/43/x86_64/repodata/repomd.xml
2025-12-06T14:11:22+0000 [22279] DEBUG [librepo]   http://mir01.syntis.net/rpmfusion/nonfree/fedora/steam/43/x86_64/repodata/repomd.xml
2025-12-06T14:11:22+0000 [22279] DEBUG [librepo]   http://ftp.upjs.sk/pub/mirrors/rpmfusion.org/nonfree/fedora/steam/43/x86_64/repodata/repomd.xml
2025-12-06T14:11:22+0000 [22279] DEBUG [librepo] lr_handle_prepare_metalink: Metalink parsed
2025-12-06T14:11:22+0000 [22279] DEBUG [librepo] lr_handle_prepare_internal_mirrorlist: Finalizing internal mirrorlist
2025-12-06T14:11:22+0000 [22279] DEBUG [librepo] lr_handle_prepare_internal_mirrorlist: Finalizing mirrors reported via LRI_MIRRORS
2025-12-06T14:11:22+0000 [22279] DEBUG [librepo] lr_handle_perform: Downloading/Locating yum repo
2025-12-06T14:11:22+0000 [22279] DEBUG [librepo] lr_yum_use_local: Locating repo..
2025-12-06T14:11:22+0000 [22279] DEBUG [librepo] lr_yum_use_local_load_base: Found local metalink: /home/stoqz/.cache/libdnf5/rpmfusion-nonfree-steam-bf09e6e26d6981b9/metalink.xml
2025-12-06T14:11:22+0000 [22279] DEBUG [librepo] lr_yum_use_local_load_base: Parsing repomd.xml
2025-12-06T14:11:22+0000 [22279] DEBUG [librepo] lr_yum_use_local_load_base: Repomd revision: 1761319490
2025-12-06T14:11:22+0000 [22279] DEBUG [librepo] lr_yum_use_local: Repository was successfully located
2025-12-06T14:11:22+0000 [22279] DEBUG [librepo] lr_yum_check_checksum_of_md_record: Checking checksum of /home/stoqz/.cache/libdnf5/rpmfusion-nonfree-steam-bf09e6e26d6981b9/repodata/d4fd0d4506f9730db5457fe512a6aa9ed1c08ed3f664237d0c1174a45fceab45-primary.xml.gz (expected: d4fd0d4506f9730db5457fe512a6aa9ed1c08ed3f664237d0c1174a45fceab45 [sha256])
2025-12-06T14:11:22+0000 [22279] DEBUG [librepo] lr_checksum_fd_compare: Using mtime cached in xattr: [user.librepo.checksum.mtime] 1764885343092775232
2025-12-06T14:11:22+0000 [22279] DEBUG [librepo] lr_checksum_fd_compare: Using checksum cached in xattr: [user.librepo.checksum.sha256] d4fd0d4506f9730db5457fe512a6aa9ed1c08ed3f664237d0c1174a45fceab45
2025-12-06T14:11:22+0000 [22279] DEBUG [librepo] lr_yum_check_checksum_of_md_record: Checksum check - Passed
2025-12-06T14:11:22+0000 [22279] DEBUG [librepo] lr_handle_perform: Restoring an old SIGINT handler
2025-12-06T14:11:22+0000 [22279] DEBUG Using cache for repo "rpmfusion-nonfree-steam"
2025-12-06T14:11:22+0000 [22279] DEBUG [librepo] lr_handle_perform: Using dir: /home/stoqz/.cache/libdnf5/code-1a27fa61fdd77ffb
2025-12-06T14:11:22+0000 [22279] DEBUG [librepo] lr_handle_perform: Using own SIGINT handler
2025-12-06T14:11:22+0000 [22279] DEBUG [librepo] lr_handle_prepare_internal_mirrorlist: Preparing internal mirrorlist
2025-12-06T14:11:22+0000 [22279] DEBUG [librepo] lr_handle_prepare_internal_mirrorlist: Finalizing internal mirrorlist
2025-12-06T14:11:22+0000 [22279] DEBUG [librepo] lr_handle_prepare_internal_mirrorlist: Finalizing mirrors reported via LRI_MIRRORS
2025-12-06T14:11:22+0000 [22279] DEBUG [librepo] lr_handle_perform: Downloading/Locating yum repo
2025-12-06T14:11:22+0000 [22279] DEBUG [librepo] lr_yum_use_local: Locating repo..
2025-12-06T14:11:22+0000 [22279] DEBUG [librepo] lr_yum_use_local_load_base: open(/home/stoqz/.cache/libdnf5/code-1a27fa61fdd77ffb/repodata/repomd.xml): Нет такого файла или каталога
2025-12-06T14:11:22+0000 [22279] DEBUG [librepo] lr_handle_perform: Restoring an old SIGINT handler
2025-12-06T14:11:22+0000 [22279] DEBUG [librepo] lr_download: No targets
2025-12-06T14:11:22+0000 [22279] DEBUG [librepo] lr_handle_prepare_internal_mirrorlist: Preparing internal mirrorlist
2025-12-06T14:11:22+0000 [22279] DEBUG [librepo] lr_download: Target: https://mirrors.fedoraproject.org/metalink?repo=updates-released-f43&arch=x86_64 (-)
2025-12-06T14:11:22+0000 [22279] DEBUG [librepo] Selecting mirror for: https://mirrors.fedoraproject.org/metalink?repo=updates-released-f43&arch=x86_64
2025-12-06T14:11:22+0000 [22279] INFO [librepo] Downloading: https://mirrors.fedoraproject.org/metalink?repo=updates-released-f43&arch=x86_64
2025-12-06T14:11:22+0000 [22279] DEBUG [librepo] lr_download: Downloading started
2025-12-06T14:11:22+0000 [22279] DEBUG Loading group extension for @System repo from "/usr/lib/sysimage/libdnf5/comps_groups/anaconda-tools.xml"
2025-12-06T14:11:22+0000 [22279] DEBUG Loading group extension for @System repo from "/usr/lib/sysimage/libdnf5/comps_groups/base-graphical.xml"
2025-12-06T14:11:22+0000 [22279] DEBUG Loading group extension for @System repo from "/usr/lib/sysimage/libdnf5/comps_groups/container-management.xml"
2025-12-06T14:11:22+0000 [22279] DEBUG Loading group extension for @System repo from "/usr/lib/sysimage/libdnf5/comps_groups/core.xml"
2025-12-06T14:11:22+0000 [22279] DEBUG Loading group extension for @System repo from "/usr/lib/sysimage/libdnf5/comps_groups/desktop-accessibility.xml"
2025-12-06T14:11:22+0000 [22279] DEBUG Loading group extension for @System repo from "/usr/lib/sysimage/libdnf5/comps_groups/firefox.xml"
2025-12-06T14:11:22+0000 [22279] DEBUG Loading group extension for @System repo from "/usr/lib/sysimage/libdnf5/comps_groups/fonts.xml"
2025-12-06T14:11:22+0000 [22279] DEBUG Loading group extension for @System repo from "/usr/lib/sysimage/libdnf5/comps_groups/gnome-desktop.xml"
2025-12-06T14:11:22+0000 [22279] DEBUG Loading group extension for @System repo from "/usr/lib/sysimage/libdnf5/comps_groups/guest-desktop-agents.xml"
2025-12-06T14:11:22+0000 [22279] DEBUG Loading group extension for @System repo from "/usr/lib/sysimage/libdnf5/comps_groups/hardware-support.xml"
2025-12-06T14:11:22+0000 [22279] DEBUG Loading group extension for @System repo from "/usr/lib/sysimage/libdnf5/comps_groups/libreoffice.xml"
2025-12-06T14:11:22+0000 [22279] DEBUG Loading group extension for @System repo from "/usr/lib/sysimage/libdnf5/comps_groups/multimedia.xml"
2025-12-06T14:11:22+0000 [22279] DEBUG Loading group extension for @System repo from "/usr/lib/sysimage/libdnf5/comps_groups/networkmanager-submodules.xml"
2025-12-06T14:11:22+0000 [22279] DEBUG Loading group extension for @System repo from "/usr/lib/sysimage/libdnf5/comps_groups/printing.xml"
2025-12-06T14:11:22+0000 [22279] DEBUG Loading group extension for @System repo from "/usr/lib/sysimage/libdnf5/comps_groups/standard.xml"
2025-12-06T14:11:22+0000 [22279] DEBUG Loading group extension for @System repo from "/usr/lib/sysimage/libdnf5/comps_groups/workstation-product.xml"
2025-12-06T14:11:22+0000 [22279] DEBUG Loading group extension for @System repo from "/usr/lib/sysimage/libdnf5/comps_groups/workstation-product-environment.xml"
2025-12-06T14:11:22+0000 [22279] DEBUG Loading solv cache file: "/home/stoqz/.cache/libdnf5/google-chrome-6ed7e4f336f6863c/solv/google-chrome.solv"
2025-12-06T14:11:22+0000 [22279] DEBUG No updateinfo metadata available for repo "google-chrome"
2025-12-06T14:11:22+0000 [22279] DEBUG No group metadata available for repo "google-chrome"
2025-12-06T14:11:22+0000 [22279] DEBUG No modules metadata available for repo google-chrome
2025-12-06T14:11:22+0000 [22279] DEBUG Loading solv cache file: "/home/stoqz/.cache/libdnf5/copr:copr.fedorainfracloud.org:peterwu:rendezvous-e5288e602aa60678/solv/copr:copr.fedorainfracloud.org:peterwu:rendezvous.solv"
2025-12-06T14:11:22+0000 [22279] DEBUG No updateinfo metadata available for repo "copr:copr.fedorainfracloud.org:peterwu:rendezvous"
2025-12-06T14:11:22+0000 [22279] DEBUG No group metadata available for repo "copr:copr.fedorainfracloud.org:peterwu:rendezvous"
2025-12-06T14:11:22+0000 [22279] DEBUG No modules metadata available for repo copr:copr.fedorainfracloud.org:peterwu:rendezvous
2025-12-06T14:11:22+0000 [22279] DEBUG Loading solv cache file: "/home/stoqz/.cache/libdnf5/copr:copr.fedorainfracloud.org:phracek:PyCharm-1e457d4b35a92fbf/solv/copr:copr.fedorainfracloud.org:phracek:PyCharm.solv"
2025-12-06T14:11:22+0000 [22279] DEBUG No updateinfo metadata available for repo "copr:copr.fedorainfracloud.org:phracek:PyCharm"
2025-12-06T14:11:22+0000 [22279] DEBUG No group metadata available for repo "copr:copr.fedorainfracloud.org:phracek:PyCharm"
2025-12-06T14:11:22+0000 [22279] DEBUG No modules metadata available for repo copr:copr.fedorainfracloud.org:phracek:PyCharm
2025-12-06T14:11:22+0000 [22279] DEBUG Loading solv cache file: "/home/stoqz/.cache/libdnf5/fedora-cisco-openh264-65b03c203277e378/solv/fedora-cisco-openh264.solv"
2025-12-06T14:11:22+0000 [22279] DEBUG No updateinfo metadata available for repo "fedora-cisco-openh264"
2025-12-06T14:11:22+0000 [22279] DEBUG No group metadata available for repo "fedora-cisco-openh264"
2025-12-06T14:11:22+0000 [22279] DEBUG No modules metadata available for repo fedora-cisco-openh264
2025-12-06T14:11:22+0000 [22279] DEBUG Loading solv cache file: "/home/stoqz/.cache/libdnf5/fedora-fe4b228be7d3c150/solv/fedora.solv"
2025-12-06T14:11:22+0000 [22279] DEBUG No updateinfo metadata available for repo "fedora"
2025-12-06T14:11:22+0000 [22279] DEBUG Loading solv cache file: "/home/stoqz/.cache/libdnf5/fedora-fe4b228be7d3c150/solv/fedora-group.solvx"
2025-12-06T14:11:22+0000 [22279] DEBUG No modules metadata available for repo fedora
2025-12-06T14:11:22+0000 [22279] DEBUG Loading solv cache file: "/home/stoqz/.cache/libdnf5/rpmfusion-nonfree-nvidia-driver-229b21c450ce21a2/solv/rpmfusion-nonfree-nvidia-driver.solv"
2025-12-06T14:11:22+0000 [22279] DEBUG No updateinfo metadata available for repo "rpmfusion-nonfree-nvidia-driver"
2025-12-06T14:11:22+0000 [22279] DEBUG No group metadata available for repo "rpmfusion-nonfree-nvidia-driver"
2025-12-06T14:11:22+0000 [22279] DEBUG No modules metadata available for repo rpmfusion-nonfree-nvidia-driver
2025-12-06T14:11:22+0000 [22279] DEBUG Loading solv cache file: "/home/stoqz/.cache/libdnf5/rpmfusion-nonfree-steam-bf09e6e26d6981b9/solv/rpmfusion-nonfree-steam.solv"
2025-12-06T14:11:22+0000 [22279] DEBUG No updateinfo metadata available for repo "rpmfusion-nonfree-steam"
2025-12-06T14:11:22+0000 [22279] DEBUG No group metadata available for repo "rpmfusion-nonfree-steam"
2025-12-06T14:11:22+0000 [22279] DEBUG No modules metadata available for repo rpmfusion-nonfree-steam
2025-12-06T14:11:23+0000 [22279] DEBUG [librepo] Transfer finished: https://mirrors.fedoraproject.org/metalink?repo=updates-released-f43&arch=x86_64 (Effective url: https://mirrors.fedoraproject.org/metalink?repo=updates-released-f43&arch=x86_64)
2025-12-06T14:11:23+0000 [22279] DEBUG [librepo] lr_handle_prepare_metalink: Parsing metalink.xml
2025-12-06T14:11:23+0000 [22279] DEBUG [librepo] lr_handle_prepare_metalink: Mirrors from metalink:
2025-12-06T14:11:23+0000 [22279] DEBUG [librepo]   https://fedora.mirrorservice.org/fedora/linux/updates/43/Everything/x86_64/repodata/repomd.xml
2025-12-06T14:11:23+0000 [22279] DEBUG [librepo]   http://fedora.mirrorservice.org/fedora/linux/updates/43/Everything/x86_64/repodata/repomd.xml
2025-12-06T14:11:23+0000 [22279] DEBUG [librepo]   rsync://rsync.mirrorservice.org/dl.fedoraproject.org/pub/fedora/linux/updates/43/Everything/x86_64/repodata/repomd.xml
2025-12-06T14:11:23+0000 [22279] DEBUG [librepo]   http://mirror.23m.com/fedora/linux/updates/43/Everything/x86_64/repodata/repomd.xml
2025-12-06T14:11:23+0000 [22279] DEBUG [librepo]   https://mirror.23m.com/fedora/linux/updates/43/Everything/x86_64/repodata/repomd.xml
2025-12-06T14:11:23+0000 [22279] DEBUG [librepo]   rsync://mirror.23m.com/fedora/linux/updates/43/Everything/x86_64/repodata/repomd.xml
2025-12-06T14:11:23+0000 [22279] DEBUG [librepo]   http://fedora.ip-connect.info/linux/updates/43/Everything/x86_64/repodata/repomd.xml
2025-12-06T14:11:23+0000 [22279] DEBUG [librepo]   https://fedora.ip-connect.info/linux/updates/43/Everything/x86_64/repodata/repomd.xml
2025-12-06T14:11:23+0000 [22279] DEBUG [librepo]   rsync://fedora.ip-connect.info/fedora/linux/updates/43/Everything/x86_64/repodata/repomd.xml
2025-12-06T14:11:23+0000 [22279] DEBUG [librepo]   https://mirror.plusline.net/fedora/linux/updates/43/Everything/x86_64/repodata/repomd.xml
2025-12-06T14:11:23+0000 [22279] DEBUG [librepo]   rsync://mirror.plusline.net/fedora/linux/updates/43/Everything/x86_64/repodata/repomd.xml
2025-12-06T14:11:23+0000 [22279] DEBUG [librepo]   http://mirror.plusline.net/fedora/linux/updates/43/Everything/x86_64/repodata/repomd.xml
2025-12-06T14:11:23+0000 [22279] DEBUG [librepo]   http://mirror.dogado.de/fedora/linux/updates/43/Everything/x86_64/repodata/repomd.xml
2025-12-06T14:11:23+0000 [22279] DEBUG [librepo]   https://mirror.dogado.de/fedora/linux/updates/43/Everything/x86_64/repodata/repomd.xml
2025-12-06T14:11:23+0000 [22279] DEBUG [librepo]   rsync://mirror.dogado.de/fedora/linux/updates/43/Everything/x86_64/repodata/repomd.xml
2025-12-06T14:11:23+0000 [22279] DEBUG [librepo]   rsync://mirror.karneval.cz/fedora/linux/updates/43/Everything/x86_64/repodata/repomd.xml
2025-12-06T14:11:23+0000 [22279] DEBUG [librepo]   https://mirror.karneval.cz/pub/linux/fedora/linux/updates/43/Everything/x86_64/repodata/repomd.xml
2025-12-06T14:11:23+0000 [22279] DEBUG [librepo]   http://mirror.netzwerge.de/fedora/linux/updates/43/Everything/x86_64/repodata/repomd.xml
2025-12-06T14:11:23+0000 [22279] DEBUG [librepo]   https://mirror.netzwerge.de/fedora/linux/updates/43/Everything/x86_64/repodata/repomd.xml
2025-12-06T14:11:23+0000 [22279] DEBUG [librepo]   rsync://mirror.netzwerge.de/fedora/linux/updates/43/Everything/x86_64/repodata/repomd.xml
2025-12-06T14:11:23+0000 [22279] DEBUG [librepo]   http://fedora.ipacct.com/fedora/linux/updates/43/Everything/x86_64/repodata/repomd.xml
2025-12-06T14:11:23+0000 [22279] DEBUG [librepo]   https://fedora.ipacct.com/fedora/linux/updates/43/Everything/x86_64/repodata/repomd.xml
2025-12-06T14:11:23+0000 [22279] DEBUG [librepo]   rsync://fedora.ipacct.com/fedora/linux/updates/43/Everything/x86_64/repodata/repomd.xml
2025-12-06T14:11:23+0000 [22279] DEBUG [librepo]   rsync://fedora.tu-chemnitz.de/ftp/pub/linux/fedora/linux/updates/43/Everything/x86_64/repodata/repomd.xml
2025-12-06T14:11:23+0000 [22279] DEBUG [librepo]   http://fedora.tu-chemnitz.de/pub/linux/fedora/linux/updates/43/Everything/x86_64/repodata/repomd.xml
2025-12-06T14:11:23+0000 [22279] DEBUG [librepo]   http://mirror.slu.cz/fedora/linux/updates/43/Everything/x86_64/repodata/repomd.xml
2025-12-06T14:11:23+0000 [22279] DEBUG [librepo]   rsync://mirror.slu.cz/fedora/linux/updates/43/Everything/x86_64/repodata/repomd.xml
2025-12-06T14:11:23+0000 [22279] DEBUG [librepo]   https://mirror.slu.cz/fedora/linux/updates/43/Everything/x86_64/repodata/repomd.xml
2025-12-06T14:11:23+0000 [22279] DEBUG [librepo]   https://fr2.rpmfind.net/linux/fedora/linux/updates/43/Everything/x86_64/repodata/repomd.xml
2025-12-06T14:11:23+0000 [22279] DEBUG [librepo]   http://fr2.rpmfind.net/linux/fedora/linux/updates/43/Everything/x86_64/repodata/repomd.xml
2025-12-06T14:11:23+0000 [22279] DEBUG [librepo]   rsync://fr2.rpmfind.net/linux/fedora/linux/updates/43/Everything/x86_64/repodata/repomd.xml
2025-12-06T14:11:23+0000 [22279] DEBUG [librepo] lr_handle_prepare_metalink: Metalink parsed
2025-12-06T14:11:23+0000 [22279] DEBUG [librepo] lr_handle_prepare_internal_mirrorlist: Finalizing internal mirrorlist
2025-12-06T14:11:23+0000 [22279] DEBUG [librepo] lr_handle_prepare_internal_mirrorlist: Finalizing mirrors reported via LRI_MIRRORS
2025-12-06T14:11:23+0000 [22279] DEBUG [librepo] lr_download: No targets
2025-12-06T14:11:23+0000 [22279] DEBUG Sync check: repo "updates" in sync, metalink checksums match
2025-12-06T14:11:23+0000 [22279] DEBUG Using cache for repo "updates". It is expired, but matches the original.
2025-12-06T14:11:23+0000 [22279] DEBUG [librepo] lr_download: No targets
2025-12-06T14:11:23+0000 [22279] DEBUG [librepo] lr_handle_prepare_internal_mirrorlist: Preparing internal mirrorlist
2025-12-06T14:11:23+0000 [22279] DEBUG [librepo] lr_handle_prepare_internal_mirrorlist: Finalizing internal mirrorlist
2025-12-06T14:11:23+0000 [22279] DEBUG [librepo] lr_handle_prepare_internal_mirrorlist: Finalizing mirrors reported via LRI_MIRRORS
2025-12-06T14:11:23+0000 [22279] DEBUG [librepo] lr_download: Target: repodata/repomd.xml (-)
2025-12-06T14:11:23+0000 [22279] DEBUG [librepo] lr_prepare_lrmirrors: Preparing internal mirror list for handle id: 0x55c0a0c259c0
2025-12-06T14:11:23+0000 [22279] DEBUG [librepo] lr_prepare_lrmirrors: Mirror: https://packages.microsoft.com/yumrepos/vscode
2025-12-06T14:11:23+0000 [22279] DEBUG [librepo] Selecting mirror for: repodata/repomd.xml
2025-12-06T14:11:23+0000 [22279] INFO [librepo] Downloading: https://packages.microsoft.com/yumrepos/vscode/repodata/repomd.xml
2025-12-06T14:11:23+0000 [22279] DEBUG Loading solv cache file: "/home/stoqz/.cache/libdnf5/updates-431245df5652aba0/solv/updates.solv"
2025-12-06T14:11:23+0000 [22279] DEBUG [librepo] lr_download: Downloading started
2025-12-06T14:11:23+0000 [22279] DEBUG Loading solv cache file: "/home/stoqz/.cache/libdnf5/updates-431245df5652aba0/solv/updates-updateinfo.solvx"
2025-12-06T14:11:23+0000 [22279] DEBUG Loading solv cache file: "/home/stoqz/.cache/libdnf5/updates-431245df5652aba0/solv/updates-group.solvx"
2025-12-06T14:11:23+0000 [22279] DEBUG No modules metadata available for repo updates
2025-12-06T14:11:23+0000 [22279] DEBUG [librepo] Transfer finished: repodata/repomd.xml (Effective url: https://packages.microsoft.com/yumrepos/vscode/repodata/repomd.xml)
2025-12-06T14:11:23+0000 [22279] DEBUG [librepo] lr_download: Target: repodata/ccd4e2b4c11cca9ade4bf9971486e8360679d10bfab979fece2468f9a1192941-primary.xml.gz (-)
2025-12-06T14:11:23+0000 [22279] DEBUG [librepo] lr_prepare_lrmirrors: Preparing internal mirror list for handle id: 0x55c0a0c259c0
2025-12-06T14:11:23+0000 [22279] DEBUG [librepo] lr_prepare_lrmirrors: Mirror: https://packages.microsoft.com/yumrepos/vscode
2025-12-06T14:11:23+0000 [22279] DEBUG [librepo] Selecting mirror for: repodata/ccd4e2b4c11cca9ade4bf9971486e8360679d10bfab979fece2468f9a1192941-primary.xml.gz
2025-12-06T14:11:23+0000 [22279] INFO [librepo] Downloading: https://packages.microsoft.com/yumrepos/vscode/repodata/ccd4e2b4c11cca9ade4bf9971486e8360679d10bfab979fece2468f9a1192941-primary.xml.gz
2025-12-06T14:11:23+0000 [22279] DEBUG [librepo] lr_download: Downloading started
2025-12-06T14:11:23+0000 [22279] DEBUG [librepo] Transfer finished: repodata/ccd4e2b4c11cca9ade4bf9971486e8360679d10bfab979fece2468f9a1192941-primary.xml.gz (Effective url: https://packages.microsoft.com/yumrepos/vscode/repodata/ccd4e2b4c11cca9ade4bf9971486e8360679d10bfab979fece2468f9a1192941-primary.xml.gz)
2025-12-06T14:11:23+0000 [22279] DEBUG [librepo] check_finished_transfer_checksum: Checksum (sha256) ccd4e2b4c11cca9ade4bf9971486e8360679d10bfab979fece2468f9a1192941 is OK
2025-12-06T14:11:23+0000 [22279] DEBUG [librepo] lr_handle_perform: Using dir: /home/stoqz/.cache/libdnf5/code-1a27fa61fdd77ffb
2025-12-06T14:11:23+0000 [22279] DEBUG [librepo] lr_handle_perform: Using own SIGINT handler
2025-12-06T14:11:23+0000 [22279] DEBUG [librepo] lr_handle_prepare_internal_mirrorlist: Preparing internal mirrorlist
2025-12-06T14:11:23+0000 [22279] DEBUG [librepo] lr_handle_prepare_internal_mirrorlist: Finalizing internal mirrorlist
2025-12-06T14:11:23+0000 [22279] DEBUG [librepo] lr_handle_prepare_internal_mirrorlist: Finalizing mirrors reported via LRI_MIRRORS
2025-12-06T14:11:23+0000 [22279] DEBUG [librepo] lr_handle_perform: Downloading/Locating yum repo
2025-12-06T14:11:23+0000 [22279] DEBUG [librepo] lr_yum_use_local: Locating repo..
2025-12-06T14:11:23+0000 [22279] DEBUG [librepo] lr_yum_use_local_load_base: Parsing repomd.xml
2025-12-06T14:11:23+0000 [22279] DEBUG [librepo] lr_yum_use_local_load_base: Repomd revision: 1764977692
2025-12-06T14:11:23+0000 [22279] DEBUG [librepo] lr_yum_use_local: Repository was successfully located
2025-12-06T14:11:23+0000 [22279] DEBUG [librepo] lr_yum_check_checksum_of_md_record: Checking checksum of /home/stoqz/.cache/libdnf5/code-1a27fa61fdd77ffb/repodata/ccd4e2b4c11cca9ade4bf9971486e8360679d10bfab979fece2468f9a1192941-primary.xml.gz (expected: ccd4e2b4c11cca9ade4bf9971486e8360679d10bfab979fece2468f9a1192941 [sha256])
2025-12-06T14:11:23+0000 [22279] DEBUG [librepo] lr_checksum_fd_compare: Using mtime cached in xattr: [user.librepo.checksum.mtime] 1765030283462332319
2025-12-06T14:11:23+0000 [22279] DEBUG [librepo] lr_checksum_fd_compare: Using checksum cached in xattr: [user.librepo.checksum.sha256] ccd4e2b4c11cca9ade4bf9971486e8360679d10bfab979fece2468f9a1192941
2025-12-06T14:11:23+0000 [22279] DEBUG [librepo] lr_yum_check_checksum_of_md_record: Checksum check - Passed
2025-12-06T14:11:23+0000 [22279] DEBUG [librepo] lr_handle_perform: Restoring an old SIGINT handler
2025-12-06T14:11:23+0000 [22279] TRACE Cache file "/home/stoqz/.cache/libdnf5/code-1a27fa61fdd77ffb/solv/code.solv" not found
2025-12-06T14:11:23+0000 [22279] DEBUG Loading repomd and primary for repo "code"
2025-12-06T14:11:23+0000 [22279] TRACE Writing primary cache for repo "code" to "/home/stoqz/.cache/libdnf5/code-1a27fa61fdd77ffb/solv/code.solv.9durfR" (checksum: 0x08ac46d7d13d43ba68b05f0eab6227534f50c99f88daac2b2fa49ff93510a0c5)
2025-12-06T14:11:23+0000 [22279] DEBUG No updateinfo metadata available for repo "code"
2025-12-06T14:11:23+0000 [22279] DEBUG No group metadata available for repo "code"
2025-12-06T14:11:23+0000 [22279] DEBUG No modules metadata available for repo code
2025-12-06T14:11:23+0000 [22279] DEBUG Rewriting repo "@System" with added file provides
2025-12-06T14:11:23+0000 [22279] DEBUG Rewriting repo "google-chrome" with added file provides
2025-12-06T14:11:23+0000 [22279] DEBUG Rewriting repo "copr:copr.fedorainfracloud.org:peterwu:rendezvous" with added file provides
2025-12-06T14:11:23+0000 [22279] DEBUG Rewriting repo "copr:copr.fedorainfracloud.org:phracek:PyCharm" with added file provides
2025-12-06T14:11:23+0000 [22279] DEBUG Rewriting repo "@System" with added file provides
2025-12-06T14:11:23+0000 [22279] DEBUG Rewriting repo "updates" with added file provides
2025-12-06T14:11:23+0000 [22279] DEBUG Rewriting repo "fedora-cisco-openh264" with added file provides
2025-12-06T14:11:23+0000 [22279] DEBUG Rewriting repo "fedora" with added file provides
2025-12-06T14:11:23+0000 [22279] DEBUG Rewriting repo "rpmfusion-nonfree-nvidia-driver" with added file provides
2025-12-06T14:11:23+0000 [22279] DEBUG Rewriting repo "rpmfusion-nonfree-steam" with added file provides
2025-12-06T14:11:23+0000 [22279] DEBUG Rewriting repo "code" with added file provides
2025-12-06T14:11:23+0000 [22279] TRACE Writing primary cache for repo "code" to "/home/stoqz/.cache/libdnf5/code-1a27fa61fdd77ffb/solv/code.solv.aw1k2a" (checksum: 0x08ac46d7d13d43ba68b05f0eab6227534f50c99f88daac2b2fa49ff93510a0c5)
